id,archivo,tematica,estilo,ancho,alto,descripcion,fuente,recolector,hash_imagen
marco_nieves_img_0002,img_492.png,dinosaurios_y_prehistoria,ilustracion_plana_color,640,397,dinosaurio,Pexels,marco_nieves,2ab238e33958a9c159f5cbbd8d20b617da15b674
marco_nieves_img_0003,img_493.png,dinosaurios_y_prehistoria,ilustracion_plana_color,631,640,dinosaurio,Pexels,marco_nieves,7eff17ad31e5b03c9684f8235cd46a4aecfe33e2
marco_nieves_img_0004,img_494.png,dinosaurios_y_prehistoria,ilustracion_plana_color,640,489,dinosaurio,Pexels,marco_nieves,a4ded5b9f05c4a1318dd641febe97e6e5f22d00c
marco_nieves_img_0005,img_495.png,dinosaurios_y_prehistoria,ilustracion_plana_color,531,640,dinosaurio,Pexels,marco_nieves,8f5c930389f473c2a664a9394c538e77e029abc1
marco_nieves_img_0006,img_496.png,dinosaurios_y_prehistoria,ilustracion_plana_color,640,473,dinosaurio sombra,Pexels,marco_nieves,503131c6d064f66c4d67240f0c2fb68cf1ac1d8e
marco_nieves_img_0007,img_497.png,dinosaurios_y_prehistoria,ilustracion_plana_color,640,611,dinosaurio sombra,Pexels,marco_nieves,0b097f84f6b93970ce32f0c390dcadf0f6adbc44
marco_nieves_img_0008,img_498.png,dinosaurios_y_prehistoria,ilustracion_plana_color,640,395,dinosaurio,Pexels,marco_nieves,f0aad99084d44cfa8f9dca6b732ec22408dcd0ab
marco_nieves_img_0009,img_499.png,dinosaurios_y_prehistoria,ilustracion_plana_color,640,475,dinosaurio,Pexels,marco_nieves,cf01776dbfd7aa4e3cb46ed3fbe29cef3578be1b
marco_nieves_img_0010,img_500.png,dinosaurios_y_prehistoria,ilustracion_plana_color,640,335,dinosaurio sombra,Pexels,marco_nieves,6ee3d3c7ba23593d937c32ffd49907a26bf62ebd
marco_nieves_img_0011,img_501.png,dinosaurios_y_prehistoria,ilustracion_plana_color,640,601,dinosaurio sombra,Pexels,marco_nieves,ac4452bc6f941bdf074cd7f7aa9793cb65e6d88e
marco_nieves_img_0012,img_502.png,dinosaurios_y_prehistoria,ilustracion_plana_color,640,486,dinosaurio,Pexels,marco_nieves,48e73043757630fd968044781bfadc7fd34bbce4
marco_nieves_img_0013,img_503.png,dinosaurios_y_prehistoria,ilustracion_plana_color,640,427,mamut,Pexels,marco_nieves,000897aa6724d5d37e125b7e5e6176f369d2ca86
marco_nieves_img_0014,img_504.png,dinosaurios_y_prehistoria,ilustracion_plana_color,640,537,dinosaurio,Pexels,marco_nieves,97b441ac91362f1b27cb55ea8065a3a7f8a0141f
marco_nieves_img_0015,img_505.png,dinosaurios_y_prehistoria,ilustracion_plana_color,640,591,dinosaurio,Pexels,marco_nieves,fe48352b5de2986c0724d2e2f35eb1d849422a30
marco_nieves_img_0016,img_506.png,dinosaurios_y_prehistoria,ilustracion_plana_color,531,640,dinosaurio,Pexels,marco_nieves,e380e11c4ec23dc1dbb8a6d869bd514fa0b7665f
marco_nieves_img_0017,img_507.png,dinosaurios_y_prehistoria,ilustracion_plana_color,542,640,dinosaurio,Pexels,marco_nieves,392f3e1e48f078d2c4a1aebac356f94e840287fd
marco_nieves_img_0018,img_508.png,dinosaurios_y_prehistoria,ilustracion_plana_color,591,640,dinosaurio,Pexels,marco_nieves,e7cb6a2d665fb324cd9e001bcc6df1790ff91c24
marco_nieves_img_0019,img_509.png,dinosaurios_y_prehistoria,ilustracion_plana_color,333,640,dinosaurio,Pexels,marco_nieves,c48910c29d75365d47d1837d065959760874fb22
marco_nieves_img_0020,img_510.png,dinosaurios_y_prehistoria,ilustracion_plana_color,640,612,dinosaurio,Pexels,marco_nieves,87758269d0a9210416c0b3da101c3e9cfb1d8e4a
marco_nieves_img_0021,img_511.png,dinosaurios_y_prehistoria,ilustracion_plana_color,640,623,dinosaurio,Pexels,marco_nieves,f1bcd992bd831b075f79fbb7aa9955265298ddea
marco_nieves_img_0022,img_512.png,dinosaurios_y_prehistoria,ilustracion_plana_color,640,397,dinosaurio,Pexels,marco_nieves,d7d6e35917b4be19d0b689b8786546004aba9175
marco_nieves_img_0023,img_513.png,dinosaurios_y_prehistoria,ilustracion_plana_color,563,640,dinosaurio,Pexels,marco_nieves,c4eb80c6e7e99b499d0a6535adf61a39ff09bf74
marco_nieves_img_0024,img_514.png,dinosaurios_y_prehistoria,ilustracion_plana_color,640,320,dinosaurio,Pexels,marco_nieves,dfae73d525e38b4ce439028361dda5f2b9a87b79
marco_nieves_img_0025,img_515.png,dinosaurios_y_prehistoria,ilustracion_plana_color,640,408,dinosaurio,Pexels,marco_nieves,daa9b6df46eabd345e6bd0109197114f353794c9
marco_nieves_img_0026,img_516.png,dinosaurios_y_prehistoria,ilustracion_plana_color,640,412,dinosaurio,Pexels,marco_nieves,52fa30544257b455876052079da8f285921883b9
marco_nieves_img_0027,img_517.png,dinosaurios_y_prehistoria,ilustracion_plana_color,640,474,dinosaurio,Pexels,marco_nieves,e9243d70e2e618472293640d889a929d6865ccec
marco_nieves_img_0028,img_518.png,dinosaurios_y_prehistoria,ilustracion_plana_color,640,324,dinosaurio,Pexels,marco_nieves,33d22bbad194fcfc5af135718d1ee91e4ca4eece
marco_nieves_img_0029,img_519.png,dinosaurios_y_prehistoria,ilustracion_plana_color,640,393,dinosaurio,Pexels,marco_nieves,f51b7e9b0cee9fe0ce6d1c3ad12ab738945b0dad
marco_nieves_img_0030,img_520.png,dinosaurios_y_prehistoria,ilustracion_plana_color,640,397,dinosaurio,Pexels,marco_nieves,01b8defb19ece3ce4077f3cec2d98bb005275170
marco_nieves_img_0031,img_521.png,dinosaurios_y_prehistoria,ilustracion_plana_color,640,338,dinosaurio,Pexels,marco_nieves,d8131da245098326191fa0575513d8cf008c1625
marco_nieves_img_0032,img_522.png,dinosaurios_y_prehistoria,ilustracion_plana_color,640,320,dinosaurio,Pexels,marco_nieves,79724660441aa24781524ad1fbbfc1f04516ba98
marco_nieves_img_0033,img_523.png,dinosaurios_y_prehistoria,ilustracion_plana_color,622,640,dinosaurio,Pexels,marco_nieves,c00f47c24743d79158637c3632c2cb6d98d76130
marco_nieves_img_0034,img_524.png,dinosaurios_y_prehistoria,ilustracion_plana_color,640,405,dinosaurio,Pexels,marco_nieves,9985e06899dcb27d472e9ad74ad05bd872ce99ee
marco_nieves_img_0035,img_525.png,dinosaurios_y_prehistoria,ilustracion_plana_color,640,349,dinosaurio,Pexels,marco_nieves,413ac82bb73e394cd8c018909f58eaaa074e383d
marco_nieves_img_0036,img_526.png,dinosaurios_y_prehistoria,ilustracion_plana_color,640,390,dinosaurio,Pexels,marco_nieves,ba3d982d18ebbf57d88f3bea9347961487453908
marco_nieves_img_0037,img_527.png,dinosaurios_y_prehistoria,ilustracion_plana_color,640,382,dinosaurio,Pexels,marco_nieves,0f3599096c31375ec4e06b2821485731d67ca4e3
marco_nieves_img_0038,img_528.png,dinosaurios_y_prehistoria,ilustracion_plana_color,640,339,dinosaurio,Pexels,marco_nieves,040558df2d142469b732bdead0ca6fc808973115
marco_nieves_img_0039,img_529.png,dinosaurios_y_prehistoria,ilustracion_plana_color,560,640,dinosaurio,Pexels,marco_nieves,bf77e7c0c3dca1addc16e536335286c2beed75fb
marco_nieves_img_0040,img_530.png,dinosaurios_y_prehistoria,ilustracion_plana_color,640,330,dinosaurio,Pexels,marco_nieves,f29790aab3954e417890bfdb717e1e8009a1ee6a
marco_nieves_img_0041,img_531.png,dinosaurios_y_prehistoria,ilustracion_plana_color,640,350,dinosaurio,Pexels,marco_nieves,fd37bf3a8c224054a41b03375d90b5d391f6fada
marco_nieves_img_0042,img_532.png,dinosaurios_y_prehistoria,ilustracion_plana_color,640,464,dinosaurio,Pexels,marco_nieves,8047e3c9fe2c00742ab9aea2497c431c9b707dba
marco_nieves_img_0043,img_533.png,dinosaurios_y_prehistoria,ilustracion_plana_color,336,640,dinosaurio,Pexels,marco_nieves,aa62565bb37f9e4f4fabd78ba10fbaf763fab3f2
marco_nieves_img_0044,img_534.png,dinosaurios_y_prehistoria,ilustracion_plana_color,640,320,dinosaurio,Pexels,marco_nieves,6045b3e4a6f515ba75760605c554f790ab6b52c9
marco_nieves_img_0045,img_535.png,dinosaurios_y_prehistoria,ilustracion_plana_color,640,565,dinosaurio,Pexels,marco_nieves,06a6b02109a3ab997daafbba1519c2b0de67b71d
marco_nieves_img_0046,img_536.png,dinosaurios_y_prehistoria,ilustracion_plana_color,640,390,dinosaurio,Pexels,marco_nieves,2c0c7e5cf2d6053a8212e7220e6ffd51f7eacb83
marco_nieves_img_0047,img_537.png,dinosaurios_y_prehistoria,ilustracion_plana_color,640,602,dinosaurio,Pexels,marco_nieves,66020936fb29ec0c1439c35ac6538ac2a9e0fc4a
marco_nieves_img_0048,img_538.png,dinosaurios_y_prehistoria,ilustracion_plana_color,640,420,dinosaurio,Pexels,marco_nieves,8055b206e92e1fdff0b4a1c42db08c3539b8ac1a
marco_nieves_img_0049,img_539.png,dinosaurios_y_prehistoria,ilustracion_plana_color,640,320,dinosaurio,Pexels,marco_nieves,e2c746f86f3dd13a9596c5030c0bf4deae84f8c8
marco_nieves_img_0050,img_540.png,dinosaurios_y_prehistoria,ilustracion_plana_color,604,640,dinosaurio,Pexels,marco_nieves,d9f61e204861de05b3769b27e4ff6ccce876e4b4
marco_nieves_img_0051,img_541.png,dinosaurios_y_prehistoria,ilustracion_plana_color,640,336,dinosaurio,Pexels,marco_nieves,9cb022b007318c3692e06418a6a9ea16fe0b3d66
marco_nieves_img_0052,img_542.png,dinosaurios_y_prehistoria,ilustracion_plana_color,640,320,dinosaurio,Pexels,marco_nieves,913636f13ef4142cf7fa2a263498e00e74f4c6e4
marco_nieves_img_0053,img_543.png,dinosaurios_y_prehistoria,ilustracion_plana_color,640,367,dinosaurio,Pexels,marco_nieves,48435e14e8d8a8f802e031dc5eb6737593bf9b74
marco_nieves_img_0054,img_544.png,dinosaurios_y_prehistoria,ilustracion_plana_color,640,367,dinosaurio,Pexels,marco_nieves,4c2e98c0aa24db30c22492aacd36cc69c39facd9
marco_nieves_img_0055,img_545.png,dinosaurios_y_prehistoria,ilustracion_plana_color,640,320,dinosaurio,Pexels,marco_nieves,12a2e602efcb2da27934b835138d83165bcc641b
marco_nieves_img_0056,img_546.png,dinosaurios_y_prehistoria,ilustracion_plana_color,625,640,dinosaurio,Pexels,marco_nieves,6cd05c283f0ccf6e1113b78ea725764ae1f448bc
marco_nieves_img_0057,img_547.png,dinosaurios_y_prehistoria,ilustracion_plana_color,640,320,dinosaurio,Pexels,marco_nieves,678cd52a65015e93b7476706dc8929834639621c
marco_nieves_img_0058,img_548.png,dinosaurios_y_prehistoria,ilustracion_plana_color,369,640,dinosaurio,Pexels,marco_nieves,1be5328e2ae3d274907ac2c01eacd29162020cf1
marco_nieves_img_0059,img_549.png,dinosaurios_y_prehistoria,ilustracion_plana_color,640,320,dinosaurio,Pexels,marco_nieves,7761831c8adb39514c22cc6e554ed704ff4dc49f
marco_nieves_img_0060,img_550.png,dinosaurios_y_prehistoria,ilustracion_plana_color,640,371,dinosaurio,Pexels,marco_nieves,c0d4ec930e2c59b6d9ea4c6539d10393b0dcd621
marco_nieves_img_0061,img_551.png,dinosaurios_y_prehistoria,ilustracion_plana_color,640,475,dinosaurio,Pexels,marco_nieves,b6a33dd7f35bd9f1a4d7d87a0e21e5cd4e10bd75
marco_nieves_img_0062,img_552.png,dinosaurios_y_prehistoria,ilustracion_plana_color,388,640,dinosaurio,Pexels,marco_nieves,80ffc0f1d5867f5419fa3a0b622bf3ddb6fd1a78
marco_nieves_img_0063,img_553.png,dinosaurios_y_prehistoria,ilustracion_plana_color,640,451,dinosaurio,Pexels,marco_nieves,25e231b114ebfcf47a83d197a44213e899f2626e
marco_nieves_img_0064,img_554.png,dinosaurios_y_prehistoria,ilustracion_plana_color,640,320,dinosaurio,Pexels,marco_nieves,7820eaba3a27bedfc34af8623b87fb33be729441
marco_nieves_img_0065,img_555.png,dinosaurios_y_prehistoria,ilustracion_plana_color,640,510,dinosaurio,Pexels,marco_nieves,391137ee17227ad3130eeee95603355cd45e8ae7
marco_nieves_img_0066,img_556.png,dinosaurios_y_prehistoria,ilustracion_plana_color,640,412,dinosaurio,Pexels,marco_nieves,68fce59fc5e514e527b256ce2ba941b5a9b868f6
marco_nieves_img_0067,img_557.png,dinosaurios_y_prehistoria,ilustracion_plana_color,640,320,dinosaurio,Pexels,marco_nieves,0b76fecdd3919a603f6aa87f71573e47fe2c4ca3
marco_nieves_img_0068,img_558.png,dinosaurios_y_prehistoria,ilustracion_plana_color,640,465,dinosaurio,Pexels,marco_nieves,06bd67bfca6a0b7f6dd6abf9bb13f93b5cbd72c7
marco_nieves_img_0069,img_559.png,dinosaurios_y_prehistoria,ilustracion_plana_color,640,369,dinosaurio,Pexels,marco_nieves,858317c9afa7f7bdfc71517dc101cd32c3c3b734
marco_nieves_img_0070,img_560.png,dinosaurios_y_prehistoria,ilustracion_plana_color,511,640,dinosaurio,Pexels,marco_nieves,c7eb4f4f1ae68393c041cf9ad1ef9c1f7333f4a1
marco_nieves_img_0071,img_561.png,dinosaurios_y_prehistoria,ilustracion_plana_color,469,640,dinosaurio,Pexels,marco_nieves,fb52819d3da5279538692cc6a7a111c15dd6f605
marco_nieves_img_0072,img_562.png,dinosaurios_y_prehistoria,ilustracion_plana_color,351,640,dinosaurio,Pexels,marco_nieves,6ce5f2a8833ebfdbd77d7858683de2e7f4c8173b
marco_nieves_img_0073,img_563.png,dinosaurios_y_prehistoria,ilustracion_plana_color,640,353,dinosaurio,Pexels,marco_nieves,961ec97f1ef6cee295d349b9da77f29796d37f9e
marco_nieves_img_0074,img_564.png,dinosaurios_y_prehistoria,ilustracion_plana_color,640,336,dinosaurio,Pexels,marco_nieves,e7214d7481a86abc259d951526aa7e4d4b8d8b59
marco_nieves_img_0075,img_565.png,dinosaurios_y_prehistoria,ilustracion_plana_color,640,616,dinosaurio,Pexels,marco_nieves,a6541205248096fcf304e556ff2d5945abe74a75
marco_nieves_img_0076,img_566.png,dinosaurios_y_prehistoria,ilustracion_plana_color,377,640,dinosaurio,Pexels,marco_nieves,f165fbe25aae419d99663e3d133b697371cadc6a
marco_nieves_img_0077,img_567.png,dinosaurios_y_prehistoria,ilustracion_plana_color,468,640,dinosaurio,Pexels,marco_nieves,e50778734176411fdaf9006c6129bd6ae62a00ae
marco_nieves_img_0078,img_568.png,dinosaurios_y_prehistoria,ilustracion_plana_color,640,428,dinosaurio,Pexels,marco_nieves,a27c3168b4c49d2362acf3e6b94f1987624a5c02
marco_nieves_img_0079,img_569.png,dinosaurios_y_prehistoria,ilustracion_plana_color,640,509,dinosaurio,Pexels,marco_nieves,8482dc4a371a76f97f884ef39d74637e164aa15f
marco_nieves_img_0080,img_570.png,dinosaurios_y_prehistoria,ilustracion_plana_color,640,453,dinosaurio,Pexels,marco_nieves,b5ec84e89fcb262b15f9d29bdf79fe4ada7bbc70
marco_nieves_img_0081,img_571.png,dinosaurios_y_prehistoria,ilustracion_plana_color,640,423,dinosaurio,Pexels,marco_nieves,b63a168564bc5921344bac58a3cdc01ad6e10925
marco_nieves_img_0082,img_572.png,dinosaurios_y_prehistoria,ilustracion_plana_color,539,640,dinosaurio,Pexels,marco_nieves,8c72936492180f0559712b4d8da973fae660b146
marco_nieves_img_0083,img_573.png,dinosaurios_y_prehistoria,ilustracion_plana_color,320,640,dinosaurio,Pexels,marco_nieves,37ee31786fb5f37ad4fd52cbce644eea04625009
marco_nieves_img_0084,img_574.png,dinosaurios_y_prehistoria,ilustracion_plana_color,640,323,dinosaurio,Pexels,marco_nieves,65284790c2a29fa351b56749d798a328f1425bff
marco_nieves_img_0085,img_575.png,dinosaurios_y_prehistoria,ilustracion_plana_color,640,558,dinosaurio,Pexels,marco_nieves,250ba2adb9134b261046924356455f56c8a3c9d7
marco_nieves_img_0086,img_576.png,dinosaurios_y_prehistoria,ilustracion_plana_color,484,640,dinosaurio,Pexels,marco_nieves,a7beabe852f7fb2e63c8ba47b4890d163f38031d
marco_nieves_img_0087,img_577.png,dinosaurios_y_prehistoria,ilustracion_plana_color,639,640,dinosaurio,Pexels,marco_nieves,54826a3ce4b5d292874838df9437156b45b90896
marco_nieves_img_0088,img_578.png,dinosaurios_y_prehistoria,ilustracion_plana_color,640,335,dinosaurio,Pexels,marco_nieves,a8c02cd8aa578b131748ca8223059f3c19030a41
marco_nieves_img_0089,img_579.png,dinosaurios_y_prehistoria,ilustracion_plana_color,640,359,dinosaurio,Pexels,marco_nieves,db60c29a8e9deb3423762a75620d72858d4e3ab9
marco_nieves_img_0090,img_580.png,dinosaurios_y_prehistoria,ilustracion_plana_color,552,640,dinosaurio,Pexels,marco_nieves,686e7743d3de68d30061b80b143392e21baf57c2
marco_nieves_img_0091,img_581.png,dinosaurios_y_prehistoria,ilustracion_plana_color,640,320,dinosaurio,Pexels,marco_nieves,ceeb9be8b77e228c2fc55875c810959d1303a090
marco_nieves_img_0092,img_582.png,dinosaurios_y_prehistoria,ilustracion_plana_color,640,320,dinosaurio,Pexels,marco_nieves,a428958fe8abc2071ecd572dea627504ba65e243
marco_nieves_img_0093,img_583.png,dinosaurios_y_prehistoria,ilustracion_plana_color,640,398,dinosaurio,Pexels,marco_nieves,9d37ae5155ad4448ab80a43ced316210e6adcefd
marco_nieves_img_0094,img_584.png,dinosaurios_y_prehistoria,ilustracion_plana_color,640,563,dinosaurio,Pexels,marco_nieves,5d82fcc07b2b000c89ed662ede7a4396bcda3edf
marco_nieves_img_0095,img_585.png,dinosaurios_y_prehistoria,ilustracion_plana_color,640,350,dinosaurio,Pexels,marco_nieves,90f89b401ceae61fcb1e50ff83c606bbfa7195cb
marco_nieves_img_0096,img_586.png,dinosaurios_y_prehistoria,ilustracion_plana_color,640,320,dinosaurio,Pexels,marco_nieves,e2410e04a9741d418314e584925320cd6fdf9877
marco_nieves_img_0097,img_587.png,dinosaurios_y_prehistoria,ilustracion_plana_color,582,640,dinosaurio,Pexels,marco_nieves,95582dd99786db3d822944e15f92dd66e392c807
marco_nieves_img_0098,img_588.png,dinosaurios_y_prehistoria,ilustracion_plana_color,565,640,dinosaurio,Pexels,marco_nieves,e6a12ca596c98181c864796e3a1639526cf6552b
marco_nieves_img_0099,img_589.png,dinosaurios_y_prehistoria,ilustracion_plana_color,440,640,dinosaurio,Pexels,marco_nieves,472d80bc7ffddaedb69e77b09b88d25f7be5f312
marco_nieves_img_0100,img_590.png,dinosaurios_y_prehistoria,ilustracion_plana_color,640,543,dinosaurio,Pexels,marco_nieves,05494cb39dd4571a4e42129f302d3a6322656489
marco_nieves_img_0101,img_591.png,dinosaurios_y_prehistoria,ilustracion_plana_color,640,429,dinosaurio,Pexels,marco_nieves,c849d9099f87a01a2f84f0dae2f9397f8be69a7f
marco_nieves_img_0102,img_592.png,dinosaurios_y_prehistoria,ilustracion_plana_color,640,320,dinosaurio,Pexels,marco_nieves,16c7a5940721ff6b138c0b2e5abdecfde514e500
marco_nieves_img_0103,img_593.png,dinosaurios_y_prehistoria,ilustracion_plana_color,640,337,dinosaurio,Pexels,marco_nieves,a682d00444384e9f445273b92f52ec1404a90c1d
marco_nieves_img_0104,img_594.png,dinosaurios_y_prehistoria,ilustracion_plana_color,640,320,dinosaurio,Pexels,marco_nieves,97a7d5d066c1d45488cfd6895ca1830fe3f13bda
marco_nieves_img_0105,img_595.png,dinosaurios_y_prehistoria,ilustracion_plana_color,640,375,dinosaurio,Pexels,marco_nieves,244a63d76c768246d1b50a7f542cb5b334b344ba
marco_nieves_img_0106,img_596.png,dinosaurios_y_prehistoria,ilustracion_plana_color,640,334,dinosaurio,Pexels,marco_nieves,235ff2dd3eabf23d6a3e02278cbf5b5f6ceca02d
marco_nieves_img_0107,img_597.png,dinosaurios_y_prehistoria,ilustracion_plana_color,640,334,dinosaurio,Pexels,marco_nieves,4eba3670cff43e5fe3b4b0fcf780b51f96ceceaf
marco_nieves_img_0108,img_598.png,dinosaurios_y_prehistoria,ilustracion_plana_color,640,529,dinosaurio,Pexels,marco_nieves,9c7592a7306e867b58656893b6f2ef316a5510dd
marco_nieves_img_0109,img_599.png,dinosaurios_y_prehistoria,ilustracion_plana_color,640,495,dinosaurio,Pexels,marco_nieves,ac9706669c1ddfe3a505cc10eb9687605f4c0a83
marco_nieves_img_0110,img_600.png,dinosaurios_y_prehistoria,ilustracion_plana_color,640,455,dinosaurio,Pexels,marco_nieves,e9c43ae905c0f167d7395cbd921b78a7da01a2e9
marco_nieves_img_0111,img_601.png,dinosaurios_y_prehistoria,ilustracion_plana_color,640,478,dinosaurio,Pexels,marco_nieves,ac2e15b3b0af7b8f31af4398fa5f83ea508f2f55
marco_nieves_img_0112,img_602.png,dinosaurios_y_prehistoria,ilustracion_plana_color,640,445,dinosaurio,Pexels,marco_nieves,8a492f9911abdd34e8f021be5bc319f27a416cf2
marco_nieves_img_0113,img_603.png,dinosaurios_y_prehistoria,ilustracion_plana_color,590,640,dinosaurio,Pexels,marco_nieves,bcff55e30285fbce814c444fdb80ccff25de74be
marco_nieves_img_0114,img_604.png,dinosaurios_y_prehistoria,ilustracion_plana_color,580,640,dinosaurio,Pexels,marco_nieves,f5456daeb1d7c12e486ae7dd9294d014828e756f
marco_nieves_img_0115,img_605.png,dinosaurios_y_prehistoria,ilustracion_plana_color,640,320,dinosaurio,Pexels,marco_nieves,85cc182140196a797de54683ad5aa50bf2895a13
marco_nieves_img_0116,img_606.png,dinosaurios_y_prehistoria,ilustracion_plana_color,640,390,dinosaurio,Pexels,marco_nieves,a21356f59b5e6ccfc8cd7a582a73d89be022d475
marco_nieves_img_0117,img_607.png,dinosaurios_y_prehistoria,ilustracion_plana_color,640,332,dinosaurio,Pexels,marco_nieves,1d40cc9081f0293ad27f6396e62c83d7faf39153
marco_nieves_img_0118,img_608.png,dinosaurios_y_prehistoria,ilustracion_plana_color,640,393,dinosaurio,Pexels,marco_nieves,c7347f084bb3e17271aeae992ba9e3f976074a15
marco_nieves_img_0119,img_609.png,dinosaurios_y_prehistoria,ilustracion_plana_color,640,390,dinosaurio,Pexels,marco_nieves,066e1c1692ccf68174968ca1bae0271d75563ac4
marco_nieves_img_0120,img_610.png,dinosaurios_y_prehistoria,ilustracion_plana_color,575,640,dinosaurio,Pexels,marco_nieves,a2f40eeb5b34fa7785d38246534ac9edb42aaf80
marco_nieves_img_0121,img_611.png,dinosaurios_y_prehistoria,ilustracion_plana_color,640,363,dinosaurio,Pexels,marco_nieves,671be3494a87bf2239c09d9701d0778dd4db1225
marco_nieves_img_0122,img_612.png,dinosaurios_y_prehistoria,ilustracion_plana_color,640,403,dinosaurio,Pexels,marco_nieves,fc3ff4b890803fbcc068c2669e059633160e4d22
marco_nieves_img_0123,img_613.png,dinosaurios_y_prehistoria,ilustracion_plana_color,480,640,perro,Pexels,marco_nieves,1aee5db3879f103cf6350903f9f5d1209c6bc360
marco_nieves_img_0124,img_614.png,dinosaurios_y_prehistoria,ilustracion_plana_color,640,480,dinosaurio,Pexels,marco_nieves,9177cf54e3067990cae8d721d848678ddaab3f58
marco_nieves_img_0125,img_615.png,dinosaurios_y_prehistoria,ilustracion_plana_color,640,445,dinosaurio,Pexels,marco_nieves,14baa93d930786c41ede664d50f4eec9685b280f
marco_nieves_img_0126,img_616.png,dinosaurios_y_prehistoria,ilustracion_plana_color,640,320,dinosaurio,Pexels,marco_nieves,8d72e313b486feeb0c35ba9f28d9b03172cf005e
marco_nieves_img_0127,img_617.png,dinosaurios_y_prehistoria,ilustracion_plana_color,640,376,dinosaurio,Pexels,marco_nieves,d12b6e69047b130ab8edad2d2308a359a2275f2b
marco_nieves_img_0128,img_618.png,dinosaurios_y_prehistoria,ilustracion_plana_color,640,320,dinosaurio,Pexels,marco_nieves,0621ae901576876e0d17a3c37ad33fd35b3c9da2
marco_nieves_img_0129,img_619.png,dinosaurios_y_prehistoria,ilustracion_plana_color,640,413,dinosaurio,Pexels,marco_nieves,58554ff6a00bae232e633b81d0964af9158cd13f
marco_nieves_img_0130,img_620.png,dinosaurios_y_prehistoria,ilustracion_plana_color,640,373,dinosaurio,Pexels,marco_nieves,5dd03da30d37dc0f39ff96e9fdd40d29b5a9edce
marco_nieves_img_0131,img_621.png,dinosaurios_y_prehistoria,ilustracion_plana_color,613,640,dinosaurio,Pexels,marco_nieves,8066a99e7f7ae95c0ce18ac4042d3b003ce21138
marco_nieves_img_0132,img_622.png,dinosaurios_y_prehistoria,ilustracion_plana_color,640,593,dinosaurio,Pexels,marco_nieves,49e55ad970008501d3604e2f2caf86a6d72072e8
marco_nieves_img_0133,img_623.png,dinosaurios_y_prehistoria,ilustracion_plana_color,614,640,dinosaurio,Pexels,marco_nieves,2c42c6d1125791d592d80d26ddb8c6d4ad213f92
marco_nieves_img_0134,img_624.png,dinosaurios_y_prehistoria,ilustracion_plana_color,640,563,fosil,Pexels,marco_nieves,4f5fd0b09af2083d171209da23f75b0e07297ecd
marco_nieves_img_0135,img_625.png,dinosaurios_y_prehistoria,ilustracion_plana_color,638,640,dragon,Pexels,marco_nieves,3dfe0c793a85611a74dc3d0eda36a9d113a2d2d2
marco_nieves_img_0136,img_626.png,dinosaurios_y_prehistoria,ilustracion_plana_color,640,421,dragon,Pexels,marco_nieves,2caedd4cbef0f5ddf0fac4a13cf3083e0f8cd8e3
marco_nieves_img_0137,img_627.png,dinosaurios_y_prehistoria,ilustracion_plana_color,320,640,dragon,Pexels,marco_nieves,33d1c49e478f2930bcc33e8a095ad42525a574c2
marco_nieves_img_0138,img_628.png,dinosaurios_y_prehistoria,ilustracion_plana_color,640,445,dinosaurio,Pexels,marco_nieves,a86516c0d7a16f317676dc7b75d63dc9ff184e38
marco_nieves_img_0139,img_629.png,dinosaurios_y_prehistoria,ilustracion_plana_color,640,624,dinosaurio,Pexels,marco_nieves,68d7289242967d88a742d31fb8726b295902a6aa
marco_nieves_img_0140,img_630.png,dinosaurios_y_prehistoria,ilustracion_plana_color,640,397,dragon,Pexels,marco_nieves,834712a58543f5460738344a38c47bc52fd3cbae
marco_nieves_img_0141,img_631.png,dinosaurios_y_prehistoria,ilustracion_plana_color,528,640,dinosaurio,Pexels,marco_nieves,3f24f4a140c60401df88136038bdf2a2ffee4ce1
marco_nieves_img_0142,img_632.png,dinosaurios_y_prehistoria,ilustracion_plana_color,496,640,dinosaurio,Pexels,marco_nieves,0ac3a946e48f586d74618341f0bb3cd88e26ba21
marco_nieves_img_0143,img_633.png,dinosaurios_y_prehistoria,ilustracion_plana_color,546,640,dinosaurio,Pexels,marco_nieves,48b572295978cd7db55d611e353f0c4f7c20f373
marco_nieves_img_0144,img_634.png,dinosaurios_y_prehistoria,ilustracion_plana_color,613,640,fosil,Pexels,marco_nieves,9db1b338ca192315864d0e2107988339dcc75640
marco_nieves_img_0145,img_635.png,dinosaurios_y_prehistoria,ilustracion_plana_color,640,562,dinosaurio,Pexels,marco_nieves,661009552aa2c0ce9bc316b79f2ba252bc91bff2
marco_nieves_img_0146,img_636.png,dinosaurios_y_prehistoria,ilustracion_plana_color,640,433,dinosaurio,Pexels,marco_nieves,e130eab9d120cfeac70fe9c3eb00631bf88bf6b0
marco_nieves_img_0147,img_637.png,dinosaurios_y_prehistoria,ilustracion_plana_color,640,330,dragon,Pexels,marco_nieves,e36c478766db36b6d54b25df3556d052c81c1a8f
marco_nieves_img_0148,img_638.png,dinosaurios_y_prehistoria,ilustracion_plana_color,499,640,dinosaurio sombra,Pexels,marco_nieves,1be200f17901279da5017434bac9603bd8116d08
marco_nieves_img_0149,img_639.png,dinosaurios_y_prehistoria,ilustracion_plana_color,640,320,dragon,Pexels,marco_nieves,87ca7797274283aa014040cb4daa459d8c094abc
marco_nieves_img_0150,img_640.png,dinosaurios_y_prehistoria,ilustracion_plana_color,640,482,dinosaurio sombra,Pexels,marco_nieves,1ba675d08891e0d1e6c2a21a45c0d077b2c15456
marco_nieves_img_0151,img_641.png,dinosaurios_y_prehistoria,ilustracion_plana_color,640,482,dinosaurio sombra,Pexels,marco_nieves,c1a933f5f45f6a5db98fd8a95e97a0165dfd2e45
marco_nieves_img_0152,img_642.png,dinosaurios_y_prehistoria,ilustracion_plana_color,640,398,dinosaurio sombra,Pexels,marco_nieves,44a89065a22db3349119541f7d4f31b2c179d38b
marco_nieves_img_0153,img_643.png,dinosaurios_y_prehistoria,ilustracion_plana_color,640,633,dinosaurio,Pexels,marco_nieves,d2f9eefd294259d8c00e1564cf599b602107c2d6
marco_nieves_img_0154,img_644.png,dinosaurios_y_prehistoria,ilustracion_plana_color,640,610,dinosaurio,Pexels,marco_nieves,3f831118a394751fa879b0f11835dbda501c0be2
marco_nieves_img_0155,img_645.png,dinosaurios_y_prehistoria,ilustracion_plana_color,640,373,dinosaurio,Pexels,marco_nieves,ad542e33d0fcb6405e8fba4d8228cbd5728c1ed4
marco_nieves_img_0156,img_646.png,dinosaurios_y_prehistoria,ilustracion_plana_color,640,612,dinosaurio sombra,Pexels,marco_nieves,87193d2201ab8c8fa841bd4ad98760ed15aa5323
marco_nieves_img_0157,img_647.png,dinosaurios_y_prehistoria,ilustracion_plana_color,590,640,dinosaurio sombra,Pexels,marco_nieves,ff5590e1b229512ac94cbb550f53d9fbcabe4ef5
marco_nieves_img_0158,img_648.png,dinosaurios_y_prehistoria,ilustracion_plana_color,640,482,dinosaurio sombra,Pexels,marco_nieves,98dfbf2e4cdf8815ce0a29aedb587164ee4f200e
marco_nieves_img_0159,img_649.png,dinosaurios_y_prehistoria,ilustracion_plana_color,640,471,dinosaurio sombra,Pexels,marco_nieves,16cdadaf3c84253ac51bfa88650acd7893e4f042
marco_nieves_img_0160,img_650.png,dinosaurios_y_prehistoria,ilustracion_plana_color,595,640,dinosaurio sombra,Pexels,marco_nieves,d7689251650e1be0c10c3b1490c0f32255665025
marco_nieves_img_0161,img_651.png,dinosaurios_y_prehistoria,ilustracion_plana_color,640,373,dinosaurio,Pexels,marco_nieves,36ae1dc0beb9fbe74b6ea2b85f6e9165c4096807
marco_nieves_img_0162,img_652.png,dinosaurios_y_prehistoria,ilustracion_plana_color,640,392,dinosaurio sombra,Pexels,marco_nieves,6628e42b36d57a6aa26d2995dd6c3e5941c6d8ef
marco_nieves_img_0163,img_653.png,dinosaurios_y_prehistoria,ilustracion_plana_color,640,619,dinosaurio,Pexels,marco_nieves,89717d82cc1a2a31c0e78a94d717aee1c4f29bba
marco_nieves_img_0164,img_654.png,dinosaurios_y_prehistoria,ilustracion_plana_color,640,397,dinosaurio,Pexels,marco_nieves,353617921d907df408415cc31ef136e831dbc4be
marco_nieves_img_0165,img_655.png,dinosaurios_y_prehistoria,ilustracion_plana_color,640,612,dinosaurio,Pexels,marco_nieves,c82c66217413ad27ea8b019db3cd06340b02d6ea
marco_nieves_img_0166,img_656.png,dinosaurios_y_prehistoria,ilustracion_plana_color,640,461,dinosaurio sombra,Pexels,marco_nieves,c78b2688e1f81678cbaf80b6052b4f794fac88e7
marco_nieves_img_0167,img_657.png,dinosaurios_y_prehistoria,ilustracion_plana_color,640,601,dinosaurio sombra,Pexels,marco_nieves,a2fc14681e94412754d82cc763dbea14c33db610
marco_nieves_img_0168,img_658.png,dinosaurios_y_prehistoria,ilustracion_plana_color,640,482,dinosaurio sombra,Pexels,marco_nieves,3deee38753fcd15fe6197dbcd1f8c3364a270b78
marco_nieves_img_0169,img_659.png,dinosaurios_y_prehistoria,ilustracion_plana_color,640,468,dinosaurio sombra,Pexels,marco_nieves,7a38f076c615fff4a849b8a6b28a4c96f034aafe
marco_nieves_img_0170,img_660.png,dinosaurios_y_prehistoria,ilustracion_plana_color,640,376,dinosaurio sombra,Pexels,marco_nieves,699af67f980099fb25328d82162e75a229b738f1
marco_nieves_img_0171,img_661.png,dinosaurios_y_prehistoria,ilustracion_plana_color,569,640,dinosaurio sombra,Pexels,marco_nieves,2860b2987e08ba82955682deeba4eb542f1b1be7
marco_nieves_img_0172,img_662.png,dinosaurios_y_prehistoria,ilustracion_plana_color,640,601,dinosaurio sombra,Pexels,marco_nieves,50ebdae8904ba40665b524392b201d07769755a5
marco_nieves_img_0173,img_663.png,dinosaurios_y_prehistoria,ilustracion_plana_color,640,393,dinosaurio,Pexels,marco_nieves,24e534f6bfaf0059634b99cfb121f0c33cca0bf7
marco_nieves_img_0174,img_664.png,dinosaurios_y_prehistoria,ilustracion_plana_color,640,610,dinosaurio,Pexels,marco_nieves,8d09b62cafc6283958f203238e3dd3b05689ee0a
marco_nieves_img_0175,img_665.png,dinosaurios_y_prehistoria,ilustracion_plana_color,446,640,dinosaurio sombra,Pexels,marco_nieves,3767bb707acd5c27e6e0c111ec2b4a9cb03d7302
marco_nieves_img_0176,img_666.png,dinosaurios_y_prehistoria,ilustracion_plana_color,640,373,dinosaurio sombra,Pexels,marco_nieves,43603f8781aa806bbde51d85db8385b7c79bd7bf
marco_nieves_img_0177,img_667.png,dinosaurios_y_prehistoria,ilustracion_plana_color,446,640,dinosaurio sombra,Pexels,marco_nieves,98fa5f62361dcc502c07880bdbbc19bf6b754a31
marco_nieves_img_0178,img_668.png,dinosaurios_y_prehistoria,ilustracion_plana_color,540,640,dinosaurio sombra,Pexels,marco_nieves,b3d6977133f6fe188e04106f5df4fc140d06ff9a
marco_nieves_img_0179,img_669.png,dinosaurios_y_prehistoria,ilustracion_plana_color,640,601,dinosaurio sombra,Pexels,marco_nieves,b93fd2057383d1a46b8f6cb1c87dc7e3fbf1443b
marco_nieves_img_0180,img_670.png,dinosaurios_y_prehistoria,ilustracion_plana_color,640,391,dinosaurio sombra,Pexels,marco_nieves,a9b1a07c1e6b800747887e23a7110e50eeb4be7f
marco_nieves_img_0181,img_671.png,dinosaurios_y_prehistoria,ilustracion_plana_color,585,640,dinosaurio sombra,Pexels,marco_nieves,b4c05c0ea564ca11e34971ad86a3f41991ff7930
marco_nieves_img_0182,img_672.png,dinosaurios_y_prehistoria,ilustracion_plana_color,640,320,dinosaurio,Pexels,marco_nieves,ad9c1f870bea374e3c559738062b65245c882fc2
marco_nieves_img_0183,img_673.png,dinosaurios_y_prehistoria,ilustracion_plana_color,640,395,dinosaurio sombra,Pexels,marco_nieves,7e21ecd5c59a1f57e0362defb95783d1d25146eb
marco_nieves_img_0184,img_674.png,dinosaurios_y_prehistoria,ilustracion_plana_color,640,390,dinosaurio,Pexels,marco_nieves,e2ad950fc5459ed79eb15d3c45eeae541ad455ad
marco_nieves_img_0185,img_675.png,dinosaurios_y_prehistoria,ilustracion_plana_color,640,397,dinosaurio,Pexels,marco_nieves,712841c50c26ee3e4038627f6dd014a40015a2c2
marco_nieves_img_0186,img_676.png,dinosaurios_y_prehistoria,ilustracion_plana_color,595,640,dinosaurio,Pexels,marco_nieves,e424a206d1c7d949526fd580bc63e8dc842485c4
marco_nieves_img_0187,img_677.png,dinosaurios_y_prehistoria,ilustracion_plana_color,640,601,dinosaurio,Pexels,marco_nieves,57e561a35f13e34bbbe2ae4e4bf52d08273fa2c2
marco_nieves_img_0188,img_678.png,dinosaurios_y_prehistoria,ilustracion_plana_color,640,441,dinosaurio,Pexels,marco_nieves,a400357a84d31bb6e03f334005eb753a1362127f
marco_nieves_img_0189,img_679.png,dinosaurios_y_prehistoria,ilustracion_plana_color,601,640,fosilo,Pexels,marco_nieves,7f41a9725abe14c062f0387c39d2185fcc322b7e
marco_nieves_img_0190,img_680.png,dinosaurios_y_prehistoria,ilustracion_plana_color,578,640,dinosaurio,Pexels,marco_nieves,55bd28b991c2ac3bc4907236ce3d5c197603f443
marco_nieves_img_0191,img_681.png,dinosaurios_y_prehistoria,ilustracion_plana_color,640,444,dinosaurio,Pexels,marco_nieves,599c0f1f0369bd6dba1759ffd82873a77f395e9d
marco_nieves_img_0192,img_682.png,dinosaurios_y_prehistoria,ilustracion_plana_color,565,640,dinosaurio,Pexels,marco_nieves,4ead859141bb50e809e15e2b2adb0b52ffd1709e
marco_nieves_img_0193,img_683.png,dinosaurios_y_prehistoria,ilustracion_plana_color,539,640,dinosaurio,Pexels,marco_nieves,bb7761cce06bc625e424192c8af86e606b507093
marco_nieves_img_0194,img_684.png,dinosaurios_y_prehistoria,ilustracion_plana_color,624,640,dinosaurio,Pexels,marco_nieves,7a67907ebc1b449196ba4b192cd4ddaf86d2a05f
marco_nieves_img_0195,img_685.png,dinosaurios_y_prehistoria,ilustracion_plana_color,640,368,dinosaurio,Pexels,marco_nieves,6a06cbd6b93fe674224e448361b2306900870a36
marco_nieves_img_0196,img_686.png,dinosaurios_y_prehistoria,ilustracion_plana_color,640,357,dinosaurio,Pexels,marco_nieves,c9f23ef98b90b1f6ed08507309ff0538855d5f15
marco_nieves_img_0197,img_687.png,dinosaurios_y_prehistoria,ilustracion_plana_color,591,640,dinosaurio,Pexels,marco_nieves,6f0f05d89e9c0767a74e7ea4f36df96415ce7581
marco_nieves_img_0198,img_688.png,dinosaurios_y_prehistoria,ilustracion_plana_color,640,507,dinosaurio,Pexels,marco_nieves,5b1077c7785ce7469de3b5555861ce45cdb5aa5f
marco_nieves_img_0199,img_689.png,dinosaurios_y_prehistoria,ilustracion_plana_color,597,640,dinosaurio,Pexels,marco_nieves,294de3d16bbb21e744255623d97c7cb35ea03b15
marco_nieves_img_0200,img_690.png,dinosaurios_y_prehistoria,ilustracion_plana_color,375,640,dinosaurio,Pexels,marco_nieves,9680f4281ea5b73d94c6d2646aa7f48da5092755
marco_nieves_img_0201,img_691.png,dinosaurios_y_prehistoria,ilustracion_plana_color,640,322,fosil,Pexels,marco_nieves,1ae93991f2b0eeaaaa8dc325fe4271d3eeab233d
marco_nieves_img_0202,img_692.png,dinosaurios_y_prehistoria,ilustracion_plana_color,640,392,fosil,Pexels,marco_nieves,72fb9d1e501aeb0c954893f0aa3d00cc360a4de2
marco_nieves_img_0203,img_693.png,dinosaurios_y_prehistoria,ilustracion_plana_color,640,368,fosil,Pexels,marco_nieves,4b2b0ce908eb46c15c3bdae2a9e2a08b47888e2f
marco_nieves_img_0204,img_694.png,dinosaurios_y_prehistoria,ilustracion_plana_color,640,484,fosil,Pexels,marco_nieves,c45f23b02a7dfce03eaec2bdc35ae9642dfe2741
marco_nieves_img_0205,img_695.png,dinosaurios_y_prehistoria,ilustracion_plana_color,640,320,fosil,Pexels,marco_nieves,6fa9cd4678196825f1ba48e8b556db5930a7a5e0
marco_nieves_img_0206,img_696.png,dinosaurios_y_prehistoria,ilustracion_plana_color,640,320,fosil,Pexels,marco_nieves,a94366b7f26fe0111a7e0a1b106e7487e2f28a7c
marco_nieves_img_0207,img_697.png,dinosaurios_y_prehistoria,ilustracion_plana_color,640,320,fosil,Pexels,marco_nieves,89ba92d8d6d7f070f0e84f51116d91d4dfe48355
marco_nieves_img_0208,img_698.png,dinosaurios_y_prehistoria,ilustracion_plana_color,640,624,dinosaurio,Pexels,marco_nieves,a1fe94e1f01a3da97031a99c9fb6bcb09b9c0c59
marco_nieves_img_0209,img_699.png,dinosaurios_y_prehistoria,ilustracion_plana_color,640,600,dinosaurio,Pexels,marco_nieves,9df799654c45cf98bf1e87e5bade797b084cf00c
marco_nieves_img_0210,img_700.png,dinosaurios_y_prehistoria,ilustracion_plana_color,640,320,fosil,Pexels,marco_nieves,4814016b1a89eef48794a5b9e622ba7c933bcac5
marco_nieves_img_0211,img_701.png,dinosaurios_y_prehistoria,ilustracion_plana_color,522,640,vegetacion,Pexels,marco_nieves,52a5342866666ec651ed8230f46ac0fe595c5ae6
marco_nieves_img_0212,img_702.png,dinosaurios_y_prehistoria,ilustracion_plana_color,525,640,vegetacion,Pexels,marco_nieves,5e55fc53fbe5dff73f88f17c5f9ed519836e1a84
marco_nieves_img_0213,img_703.png,dinosaurios_y_prehistoria,ilustracion_plana_color,517,640,vegetacion,Pexels,marco_nieves,a20a686069765c35fce245c8b639f52eee0247bf
marco_nieves_img_0214,img_704.png,dinosaurios_y_prehistoria,ilustracion_plana_color,533,640,vegetacion,Pexels,marco_nieves,a0af0c4312aa1476f79193848ffb308d764fd0bd
marco_nieves_img_0215,img_705.png,dinosaurios_y_prehistoria,ilustracion_plana_color,552,640,vegetacion,Pexels,marco_nieves,5f44942bb14037bb4fee9ceae2d09c7abcf4836b
marco_nieves_img_0216,img_706.png,dinosaurios_y_prehistoria,ilustracion_plana_color,640,320,dinosaurio sombra,Pexels,marco_nieves,380219be22e81d83cac9115474e5b889f7eb4a20
marco_nieves_img_0217,img_707.png,dinosaurios_y_prehistoria,ilustracion_plana_color,640,320,dinosaurio sombra,Pexels,marco_nieves,5ba257244154e8b4e4de32d6c8446221b794f1c0
marco_nieves_img_0218,img_708.png,dinosaurios_y_prehistoria,ilustracion_plana_color,640,640,dinosaurio,Pexels,marco_nieves,be6785a8a701e9ff41e5e9479c89b3f640405f94
marco_nieves_img_0219,img_709.png,dinosaurios_y_prehistoria,ilustracion_plana_color,640,598,vegetacion,,marco_nieves,3cc298f9390998746cc54cb1e944c24b72ba7e81
marco_nieves_img_0220,img_710.png,dinosaurios_y_prehistoria,ilustracion_plana_color,640,417,dinosaurio,Pexels,marco_nieves,39c1bb149a711ffe416687710c84aa15e1b38718
marco_nieves_img_0221,img_711.png,dinosaurios_y_prehistoria,ilustracion_plana_color,640,320,dinosaurio,Pexels,marco_nieves,a6283951fc96500371b7919b1082f6762bca65e4
marco_nieves_img_0222,img_712.png,dinosaurios_y_prehistoria,ilustracion_plana_color,640,466,vegetacion,Pexels,marco_nieves,5ca3df35d817cd134bc5d7528de9c16aa7ed7ed8
marco_nieves_img_0223,img_713.png,dinosaurios_y_prehistoria,ilustracion_plana_color,563,640,vegetacion,Pexels,marco_nieves,db17fa87f7d72651f1a2d5918dacf8f8c5c83ccf
marco_nieves_img_0224,img_714.png,dinosaurios_y_prehistoria,ilustracion_plana_color,640,629,vegetacion,Pexels,marco_nieves,0cac47e7e57e479b20a7d67d0f01c1c75a1fe099
marco_nieves_img_0225,img_715.png,dinosaurios_y_prehistoria,ilustracion_plana_color,620,640,dinosaurio,Pexels,marco_nieves,0142c683ab2da7ae0c73012088baafb806a74bae
marco_nieves_img_0226,img_716.png,dinosaurios_y_prehistoria,ilustracion_plana_color,640,433,dinosaurio,Pexels,marco_nieves,6598b0d5a4b52ed646e747bd49ec07915a615a33
marco_nieves_img_0227,img_717.png,dinosaurios_y_prehistoria,ilustracion_plana_color,640,391,dinosaurio sombra,Pexels,marco_nieves,ba759f683bdb9b849535db69e03ae7ce9eb19f2c
marco_nieves_img_0228,img_718.png,dinosaurios_y_prehistoria,ilustracion_plana_color,640,408,dinosaurio,Pexels,marco_nieves,548a83eef6c17c29b88554035ecb018d039e0ac5
marco_nieves_img_0229,img_719.png,dinosaurios_y_prehistoria,ilustracion_plana_color,640,320,vegetacion,Pexels,marco_nieves,869dd34f3e1c9481aad72a46c54c48f8ab3414ee
marco_nieves_img_0230,img_720.png,dinosaurios_y_prehistoria,ilustracion_plana_color,640,505,dinosaurio sombra,Pexels,marco_nieves,47955cfce6b3b02a876e50c074b8fd7311b76c96
marco_nieves_img_0231,img_721.png,dinosaurios_y_prehistoria,ilustracion_plana_color,640,320,dinosaurio sombra,Pexels,marco_nieves,02d63aa9d48e2c6fe593b81f7f7cc7012be1cdd3
marco_nieves_img_0232,img_722.png,dinosaurios_y_prehistoria,ilustracion_plana_color,640,573,dinosaurio,Pexels,marco_nieves,cfd91de2c5ca3514b013d4152b67b1953598d26a
marco_nieves_img_0233,img_723.png,dinosaurios_y_prehistoria,ilustracion_plana_color,587,640,dinosaurio sombra,Pexels,marco_nieves,c974cabb0a0d9bbb4f85484d27c87442e2d785b3
marco_nieves_img_0234,img_724.png,dinosaurios_y_prehistoria,ilustracion_plana_color,640,350,huevo dinosaurio,Pexels,marco_nieves,7d3dcc2176592becfcc6e7c6dbfb08671ab02855
marco_nieves_img_0235,img_725.png,dinosaurios_y_prehistoria,ilustracion_plana_color,640,554,dinosaurio,Pexels,marco_nieves,98f09c9cb8656abb5c7a508bcbd07c58231c6ca7
marco_nieves_img_0236,img_726.png,dinosaurios_y_prehistoria,ilustracion_plana_color,640,359,dinosaurio sombra,Pexels,marco_nieves,62743cbdc345c70f82250a92ee37f383c59af1e1
marco_nieves_img_0237,img_727.png,dinosaurios_y_prehistoria,ilustracion_plana_color,640,475,dinosaurio sombra,Pexels,marco_nieves,09f666257960d9654f0676a8c2e04deda4f8ab5f
marco_nieves_img_0238,img_728.png,dinosaurios_y_prehistoria,ilustracion_plana_color,640,466,dinosaurio sombra,Pexels,marco_nieves,ddaae63bbcf1ebe18cbf4805b391f68f7cb684f2
marco_nieves_img_0239,img_729.png,dinosaurios_y_prehistoria,ilustracion_plana_color,640,533,dinosaurio sombra,Pexels,marco_nieves,a7bb4df1ee70e5abb8e0805195dfc51db07eed48
marco_nieves_img_0240,img_730.png,dinosaurios_y_prehistoria,ilustracion_plana_color,640,512,dinosaurio,Pexels,marco_nieves,b0117dc9f718dbb7932f6a442cd1ad39dc0d00c7
marco_nieves_img_0241,img_731.png,dinosaurios_y_prehistoria,ilustracion_plana_color,640,439,dinosaurio,Pexels,marco_nieves,9901e1797c2b6bd5e72621a4f26aedcf7e005b44
marco_nieves_img_0242,img_732.png,dinosaurios_y_prehistoria,ilustracion_plana_color,640,347,dinosaurio,Pexels,marco_nieves,3231692c6cecbcadb8b1eb1e99fe31bccde76104
marco_nieves_img_0243,img_733.png,dinosaurios_y_prehistoria,ilustracion_plana_color,607,640,dinosaurio,Pexels,marco_nieves,4f4eebcd3d403820a2f16968884179c511238d19
marco_nieves_img_0244,img_734.png,dinosaurios_y_prehistoria,ilustracion_plana_color,598,640,dinosaurio,Pexels,marco_nieves,e7ddedf60b3dbf721f5b071098fd08093e6f4e90
marco_nieves_img_0245,img_735.png,dinosaurios_y_prehistoria,ilustracion_plana_color,640,522,dinosaurio,Pexels,marco_nieves,27ae075c773148051005c1de1ab9bdb8fe698f6b
marco_nieves_img_0246,img_736.png,dinosaurios_y_prehistoria,ilustracion_plana_color,640,499,vegetacion,Pexels,marco_nieves,cbe059748b7562058cba835dd80aa0b267a12182
marco_nieves_img_0247,img_737.png,dinosaurios_y_prehistoria,ilustracion_plana_color,640,632,dinosaurio,Pexels,marco_nieves,3d1e2da7018268633b30d2f9959ab226efd79cec
marco_nieves_img_0248,img_738.png,dinosaurios_y_prehistoria,ilustracion_plana_color,640,453,vegetacion,Pexels,marco_nieves,afa004cc598f5beb5628d3aadb655a059700655d
marco_nieves_img_0249,img_739.png,dinosaurios_y_prehistoria,ilustracion_plana_color,640,640,dinosaurio,Pexels,marco_nieves,a0fbb6adc686a27b49f1fe807330b5e34fde7784
marco_nieves_img_0250,img_740.png,dinosaurios_y_prehistoria,ilustracion_plana_color,640,481,dinosaurio,Pexels,marco_nieves,307b6af78cae08111c452f0aeba26be32c427509
marco_nieves_img_0251,img_741.png,dinosaurios_y_prehistoria,ilustracion_plana_color,499,640,dinosaurio,Pexels,marco_nieves,098519d549920698693b5766bb1ba01583b6e7aa
marco_nieves_img_0252,img_742.png,dinosaurios_y_prehistoria,ilustracion_plana_color,640,640,dinosaurio,Pexels,marco_nieves,0e6ed64d5f4a88074c7c0894dad8a2a6afd105c3
marco_nieves_img_0253,img_743.png,dinosaurios_y_prehistoria,ilustracion_plana_color,640,640,dinosaurio,Pexels,marco_nieves,0d892548729ac03bc1eea82890620cf1104d3690
marco_nieves_img_0254,img_744.png,dinosaurios_y_prehistoria,ilustracion_plana_color,640,640,dinosaurio,Pexels,marco_nieves,fda75e2ef8c2b08933b1e5e8d783168fd159a210
marco_nieves_img_0255,img_745.png,dinosaurios_y_prehistoria,ilustracion_plana_color,640,402,fosil,Pexels,marco_nieves,22841dd8e2d0c6019798168feb2347220b6fc96e
marco_nieves_img_0256,img_746.png,dinosaurios_y_prehistoria,ilustracion_plana_color,327,640,dinosaurio,Pexels,marco_nieves,677eff3efc7f383182cbe51a2dfccfbfdae85550
marco_nieves_img_0257,img_747.png,dinosaurios_y_prehistoria,ilustracion_plana_color,640,529,dinosaurio,Pexels,marco_nieves,e17db7beb95e22b521c4021c1383453e96ad54a9
marco_nieves_img_0258,img_748.png,dinosaurios_y_prehistoria,ilustracion_plana_color,320,640,vegetacion,Pexels,marco_nieves,f7d6d878cb278cd0754b71ea270d9b392712791a
marco_nieves_img_0259,img_749.png,dinosaurios_y_prehistoria,ilustracion_plana_color,320,640,vegetacion,Pexels,marco_nieves,57ec4a3029f80939c9a2386180610b4710606236
marco_nieves_img_0260,img_750.png,dinosaurios_y_prehistoria,ilustracion_plana_color,402,640,vegetacion,Pexels,marco_nieves,7cfb55241358608df3aa41fd0c55e5a36dee112c
marco_nieves_img_0261,img_751.png,dinosaurios_y_prehistoria,ilustracion_plana_color,493,640,vegetacion,Pexels,marco_nieves,13d69b634c30bf375fff14c0ae4992a207d31cc6
marco_nieves_img_0262,img_752.png,dinosaurios_y_prehistoria,ilustracion_plana_color,437,640,gato,Pexels,marco_nieves,a2412ad0f61e1d27376facb40b7333dfed1036d1
marco_nieves_img_0263,img_753.png,dinosaurios_y_prehistoria,ilustracion_plana_color,640,320,dinosaurio,Pexels,marco_nieves,29a854e5d2267d28b789fdd2ff38b6b5769893d6
marco_nieves_img_0264,img_754.png,dinosaurios_y_prehistoria,ilustracion_plana_color,640,320,dinosaurio,Pexels,marco_nieves,c6685f44ae2ba31a50debeb67832f45053012bed
marco_nieves_img_0265,img_755.png,dinosaurios_y_prehistoria,ilustracion_plana_color,640,640,dinosaurio,Pexels,marco_nieves,6efb82893128f8c10a011af1abc6f3b212b1df04
marco_nieves_img_0266,img_756.png,dinosaurios_y_prehistoria,ilustracion_plana_color,592,640,dinosaurio,Pexels,marco_nieves,1a8966f08bcfb4012ce10cc256bd387655854a64
marco_nieves_img_0267,img_757.png,dinosaurios_y_prehistoria,ilustracion_plana_color,592,640,dinosaurio,Pexels,marco_nieves,66b2709dc19921e0818bf07b30016091752c27ad
marco_nieves_img_0268,img_758.png,dinosaurios_y_prehistoria,ilustracion_plana_color,640,463,dinosaurio,Pexels,marco_nieves,bf75542776e1c088cb8177d0fcc6bd1309743d0d
marco_nieves_img_0269,img_759.png,dinosaurios_y_prehistoria,ilustracion_plana_color,640,510,dinosaurio,Pexels,marco_nieves,474e9d5bae96bcf003a88c83c4429fa8a7bf4aef
marco_nieves_img_0270,img_760.png,dinosaurios_y_prehistoria,ilustracion_plana_color,640,617,dinosaurio,Pexels,marco_nieves,ed5c9c0e881b7660cda77fcae1941f33eb191ab4
marco_nieves_img_0271,img_761.png,dinosaurios_y_prehistoria,ilustracion_plana_color,640,640,dinosaurio,Pexels,marco_nieves,864d3a437ce4dd34ed168d22d0173faaaa4b9769
marco_nieves_img_0272,img_762.png,dinosaurios_y_prehistoria,ilustracion_plana_color,492,640,dinosaurio,Pexels,marco_nieves,ce76844df6b3995368765627a75ecadec2a53eee
marco_nieves_img_0273,img_763.png,dinosaurios_y_prehistoria,ilustracion_plana_color,640,519,dinosaurio,Pexels,marco_nieves,534e9c6c5da1536fd42284b4498843a090b0b10e
marco_nieves_img_0274,img_764.png,dinosaurios_y_prehistoria,ilustracion_plana_color,640,453,dinosaurio,Pexels,marco_nieves,579a534a6791abfdfa347819ec5021adbed02bdc
marco_nieves_img_0275,img_765.png,dinosaurios_y_prehistoria,ilustracion_plana_color,567,640,dinosaurio,Pexels,marco_nieves,0360dfb062b7e33c27c4bf7abb69b8eb3216ef17
marco_nieves_img_0276,img_766.png,dinosaurios_y_prehistoria,ilustracion_plana_color,640,638,dinosaurio,Pexels,marco_nieves,3b3bc6f612de89c5b1883c906ed933fef79895a3
marco_nieves_img_0277,img_767.png,dinosaurios_y_prehistoria,ilustracion_plana_color,480,640,huevo dinosaurio,Pexels,marco_nieves,8033e61f9c695ed609c06fd8c4dc523f0520d206
marco_nieves_img_0278,img_768.png,dinosaurios_y_prehistoria,ilustracion_plana_color,634,640,dinosaurio,Pexels,marco_nieves,c17643bf46ab310ae947ecbd334a243f1f3e48ac
marco_nieves_img_0279,img_769.png,dinosaurios_y_prehistoria,ilustracion_plana_color,640,320,dinosaurio,Pexels,marco_nieves,0cce8e3537489e714bf7677082f6c091a26e7d9a
marco_nieves_img_0280,img_770.png,dinosaurios_y_prehistoria,ilustracion_plana_color,640,380,dinosaurio,Pexels,marco_nieves,c852dff9e5cd39a8c09b0817ee2b3aa91044e95d
marco_nieves_img_0281,img_771.png,dinosaurios_y_prehistoria,ilustracion_plana_color,640,320,dinosaurio,Pexels,marco_nieves,d6127213e018e8461e517d373cd2be79882fa3e0
marco_nieves_img_0282,img_772.png,dinosaurios_y_prehistoria,ilustracion_plana_color,640,320,dinosaurio,Pexels,marco_nieves,5db2a6f5db917a4dba8d7df11fdcac5b6df2f02c
marco_nieves_img_0283,img_773.png,dinosaurios_y_prehistoria,ilustracion_plana_color,524,640,dinosaurio,Pexels,marco_nieves,3b123d621b2ce2f53f37b4c4f47e0e4961b701f1
marco_nieves_img_0284,img_774.png,dinosaurios_y_prehistoria,ilustracion_plana_color,640,320,dinosaurio,Pexels,marco_nieves,eef1d96c7f7dcba09d6f89d0d7dac2c4080f2cb2
marco_nieves_img_0285,img_775.png,dinosaurios_y_prehistoria,ilustracion_plana_color,397,640,dinosaurio,Pexels,marco_nieves,711650d3c0331c68150bf10a857ef5a2e706b524
marco_nieves_img_0286,img_776.png,dinosaurios_y_prehistoria,ilustracion_plana_color,496,640,dinosaurio,Pexels,marco_nieves,b5816d83f581dccada11efbe9205c6cb46c7c2ae
marco_nieves_img_0287,img_777.png,dinosaurios_y_prehistoria,ilustracion_plana_color,628,640,dinosaurio,Pexels,marco_nieves,c9f80c589e55ad64ad7cd364d1d9707e599e38ab
marco_nieves_img_0288,img_778.png,dinosaurios_y_prehistoria,ilustracion_plana_color,372,640,vegetacion,Pexels,marco_nieves,a4cc1ecc73c84244f437258f9ad0f37138f95165
marco_nieves_img_0289,img_779.png,dinosaurios_y_prehistoria,ilustracion_plana_color,640,640,vegetacion,Pexels,marco_nieves,5e4e5ba3ac268322970b14a0a02dde8c825e365e
marco_nieves_img_0290,img_780.png,dinosaurios_y_prehistoria,ilustracion_plana_color,640,639,dinosaurio,Pexels,marco_nieves,c6ec36ecfbe14faeeab3b008135e3c3a657dd82d
marco_nieves_img_0291,img_781.png,dinosaurios_y_prehistoria,ilustracion_plana_color,640,474,dinosaurio,Pexels,marco_nieves,348eb3ac923b469829f85c1481ab0dc6566d87de
marco_nieves_img_0292,img_782.png,dinosaurios_y_prehistoria,ilustracion_plana_color,638,640,dinosaurio,Pexels,marco_nieves,58de9aa7e09d1305bd943f48d2e9d426a0852194
marco_nieves_img_0293,img_783.png,dinosaurios_y_prehistoria,ilustracion_plana_color,400,640,persona,Pexels,marco_nieves,259e9dc0611c77346ff00397efcd4c75c094f29e
marco_nieves_img_0294,img_784.png,dinosaurios_y_prehistoria,ilustracion_plana_color,640,360,huevo dinosaurio,Pexels,marco_nieves,84bdba7acc486fe063f3bb05dae33247905fb075
marco_nieves_img_0295,img_785.png,dinosaurios_y_prehistoria,ilustracion_plana_color,640,536,dinosaurio,Pexels,marco_nieves,8dc0498d9bb2aff083a36b9856b4911d084dccd7
marco_nieves_img_0296,img_786.png,dinosaurios_y_prehistoria,ilustracion_plana_color,640,433,dinosaurio,Pexels,marco_nieves,b759a6b187c19b078e450ecc356b7664fc026eca
marco_nieves_img_0297,img_787.png,dinosaurios_y_prehistoria,ilustracion_plana_color,583,640,vegetacion,Pexels,marco_nieves,81dd5db2c46210956cbbfc0ccf8c2278b3cbf7cd
marco_nieves_img_0298,img_788.png,dinosaurios_y_prehistoria,ilustracion_plana_color,640,635,dinosaurio,Pexels,marco_nieves,8254f9c5da17d21369aee0a52ef4a18c5bcdc609
marco_nieves_img_0299,img_789.png,dinosaurios_y_prehistoria,ilustracion_plana_color,640,545,dinosaurio,Pexels,marco_nieves,38f0ae24198eb948490a9313bb89e5a6c8e9aba1
marco_nieves_img_0300,img_790.png,dinosaurios_y_prehistoria,ilustracion_plana_color,640,640,dinosaurio,Pexels,marco_nieves,563498838c7cc316e0b936f367c95653eb6bd9e6
marco_nieves_img_0301,img_791.png,dinosaurios_y_prehistoria,ilustracion_plana_color,640,640,dinosaurio,Pexels,marco_nieves,eb040efd4addfd52c1e8cf7b33d79508dc80d2ed
marco_nieves_img_0302,img_792.png,dinosaurios_y_prehistoria,ilustracion_plana_color,614,640,vegetacion,Pexels,marco_nieves,424912916e92e44b4e196d08b6053166de05e821
marco_nieves_img_0303,img_793.png,dinosaurios_y_prehistoria,ilustracion_plana_color,640,385,dinosaurio,Pexels,marco_nieves,3366bd7eda9c23cf892b814d381d442a9fdab0f5
marco_nieves_img_0304,img_794.png,dinosaurios_y_prehistoria,ilustracion_plana_color,627,640,dinosaurio,Pexels,marco_nieves,0b5fb28201293cf5a4d4ebd6fd890f9e592f67fc
marco_nieves_img_0305,img_795.png,dinosaurios_y_prehistoria,ilustracion_plana_color,528,640,dinosaurio,Pexels,marco_nieves,28c0ef3f51e14b9f469bd5fcfaa34bf0d33a2130
marco_nieves_img_0306,img_796.png,dinosaurios_y_prehistoria,ilustracion_plana_color,460,640,dinosaurio,Pexels,marco_nieves,d5d88e6b63604e715af985c956cc6ebccf61493b
marco_nieves_img_0307,img_797.png,dinosaurios_y_prehistoria,ilustracion_plana_color,479,640,dinosaurio,Pexels,marco_nieves,9e24f65256ed298277f6ea3618eb82b50bf6c7aa
marco_nieves_img_0308,img_798.png,dinosaurios_y_prehistoria,ilustracion_plana_color,530,640,dinosaurio,Pexels,marco_nieves,ddfc1e667136831523064e896c9fedad1142ecfe
marco_nieves_img_0309,img_799.png,dinosaurios_y_prehistoria,ilustracion_plana_color,606,640,dinosaurio,Pexels,marco_nieves,4de390542f0d5e9dd5dec9a605539bfdd56601fc
marco_nieves_img_0310,img_800.png,dinosaurios_y_prehistoria,ilustracion_plana_color,500,640,dinosaurio,Pexels,marco_nieves,5ec434fc160fcf64883ce4ccf5df076a0a2c26f6
marco_nieves_img_0311,img_801.png,dinosaurios_y_prehistoria,ilustracion_plana_color,473,640,dinosaurio,Pexels,marco_nieves,deea8aa632f1310bf98d959e217ed141ad91a64c
marco_nieves_img_0312,img_802.png,dinosaurios_y_prehistoria,ilustracion_plana_color,640,640,dinosaurio,Pexels,marco_nieves,3d0978fcaa979f7550942f846cd2f69b2b577946
marco_nieves_img_0313,img_803.png,dinosaurios_y_prehistoria,ilustracion_plana_color,623,640,dinosaurio,Pexels,marco_nieves,bb0d9d287e6501dcd9622c83374a02f0f34692f2
marco_nieves_img_0314,img_804.png,dinosaurios_y_prehistoria,ilustracion_plana_color,640,626,dinosaurio,Pexels,marco_nieves,66d23424735b31e9a65383728602e3b20948b168
marco_nieves_img_0315,img_805.png,dinosaurios_y_prehistoria,ilustracion_plana_color,517,640,vegetacion,Pexels,marco_nieves,847934f018c1e54194dbb81cd262d7cb34143269
marco_nieves_img_0316,img_806.png,dinosaurios_y_prehistoria,ilustracion_plana_color,640,540,dinosaurio,Pexels,marco_nieves,644f218af6a37207e63f5176b9a4edbd2cb2c7f3
marco_nieves_img_0317,img_807.png,dinosaurios_y_prehistoria,ilustracion_plana_color,640,505,dinosaurio,Pexels,marco_nieves,0500494dd739f9c145e976dcedc00d54e54faa07
marco_nieves_img_0318,img_808.png,dinosaurios_y_prehistoria,ilustracion_plana_color,465,640,dinosaurio,Pexels,marco_nieves,30abf0e354813a4c5ee0bd8b92618d9d74d6944a
marco_nieves_img_0319,img_809.png,dinosaurios_y_prehistoria,ilustracion_plana_color,530,640,dinosaurio,Pexels,marco_nieves,9cea805b6abe30eccb9c03d397669d178f9d884c
marco_nieves_img_0320,img_810.png,dinosaurios_y_prehistoria,ilustracion_plana_color,635,640,dinosaurio,Pexels,marco_nieves,c873a3a24d75b3f5e24853f0b260cf2fd0a68d33
marco_nieves_img_0321,img_811.png,dinosaurios_y_prehistoria,ilustracion_plana_color,640,511,dinosaurio,Pexels,marco_nieves,e2f00e619f2da6dcbfdb217506cebe2aa48b09f1
marco_nieves_img_0322,img_812.png,dinosaurios_y_prehistoria,ilustracion_plana_color,640,604,dinosaurio,Pexels,marco_nieves,9da4bf84ac2ede573f1f9cc545bcd137fd3315fc
marco_nieves_img_0323,img_813.png,dinosaurios_y_prehistoria,ilustracion_plana_color,640,609,dinosaurio,Pexels,marco_nieves,895f09d7b76a03d19d90494d1f98a7e980c11ed9
marco_nieves_img_0324,img_814.png,dinosaurios_y_prehistoria,ilustracion_plana_color,411,640,dinosaurio,Pexels,marco_nieves,a9938fea52c7c1aa93d72ae7b6ca9fab0b735b93
marco_nieves_img_0325,img_815.png,dinosaurios_y_prehistoria,ilustracion_plana_color,640,348,dinosaurio,Pexels,marco_nieves,52e55b33f45eb75fbdb5106aecf311da997d30e8
marco_nieves_img_0326,img_816.png,dinosaurios_y_prehistoria,ilustracion_plana_color,640,336,dinosaurio,Pexels,marco_nieves,a993d319438d96041d0c2b984d158517c8dd4ff6
marco_nieves_img_0327,img_817.png,dinosaurios_y_prehistoria,ilustracion_plana_color,640,444,dinosaurio,Pexels,marco_nieves,30b37cf6943516ce59aa0600f9be8626b056009a
marco_nieves_img_0328,img_818.png,dinosaurios_y_prehistoria,ilustracion_plana_color,579,640,dinosaurio,Pexels,marco_nieves,5b3ce027a9271ae152d69098248096199a6fa8ed
marco_nieves_img_0329,img_819.png,dinosaurios_y_prehistoria,ilustracion_plana_color,601,640,dinosaurio,Pexels,marco_nieves,76096a3b50b1b87f96b403c345103185c65ff8b5
marco_nieves_img_0330,img_820.png,dinosaurios_y_prehistoria,ilustracion_plana_color,640,640,dinosaurio,Pexels,marco_nieves,c345a5a4d0b8985b77d93b983735e61d447c4c6d
marco_nieves_img_0331,img_821.png,dinosaurios_y_prehistoria,ilustracion_plana_color,622,640,dinosaurio,Pexels,marco_nieves,e2be80bd6878019e4e93a8aa3c36e42ef6c790f3
marco_nieves_img_0332,img_822.png,dinosaurios_y_prehistoria,ilustracion_plana_color,640,351,dinosaurio,Pexels,marco_nieves,acb8c8467eaa091e82ef5a4a23d827b48f9a6c6b
marco_nieves_img_0333,img_823.png,dinosaurios_y_prehistoria,ilustracion_plana_color,640,391,dinosaurio,Pexels,marco_nieves,a83c0f336a30897be3ec24f15a72006521ffa1d1
marco_nieves_img_0334,img_824.png,dinosaurios_y_prehistoria,ilustracion_plana_color,640,533,dinosaurio,Pexels,marco_nieves,16994eb25498e3886585140e9825983135f7067a
marco_nieves_img_0335,img_825.png,dinosaurios_y_prehistoria,ilustracion_plana_color,507,640,dinosaurio,Pexels,marco_nieves,50132810e486538093f296fda94c300538fdaf76
marco_nieves_img_0336,img_826.png,dinosaurios_y_prehistoria,ilustracion_plana_color,640,640,dinosaurio,Pexels,marco_nieves,02c2cffc345c2e8220e303ec7d83d7e123391441
marco_nieves_img_0337,img_827.png,dinosaurios_y_prehistoria,ilustracion_plana_color,427,640,dinosaurio,Pexels,marco_nieves,04fb7dc441e0a7e00b550a52ff520e39cc995ec7
marco_nieves_img_0338,img_828.png,dinosaurios_y_prehistoria,ilustracion_plana_color,640,640,dinosaurio,Pexels,marco_nieves,30fd6ad6410de27340a9f9513c18db9bd7839fd6
marco_nieves_img_0339,img_829.png,dinosaurios_y_prehistoria,ilustracion_plana_color,640,640,dinosaurio,Pexels,marco_nieves,ea3382c6bd305108135e7f13c0e2993f49b3f97e
marco_nieves_img_0340,img_830.png,dinosaurios_y_prehistoria,ilustracion_plana_color,226,228,dinosaurio,Pexels,marco_nieves,cb95f529a4e8fbc89c6169368437b16e6e100f9a
marco_nieves_img_0341,img_831.png,dinosaurios_y_prehistoria,ilustracion_plana_color,225,241,dinosaurio,Pexels,marco_nieves,d13a358d1a242c153d47fabb41ed147234b98536
marco_nieves_img_0342,img_832.png,dinosaurios_y_prehistoria,ilustracion_plana_color,269,233,dinosaurio,Pexels,marco_nieves,0c10b80892e496d9d3003b4299c02992c3cf0e7a
marco_nieves_img_0343,img_833.png,dinosaurios_y_prehistoria,ilustracion_plana_color,232,223,dinosaurio,Pexels,marco_nieves,1422cdc9e4cf309132c7148c91b60d7259e7f1a8
marco_nieves_img_0344,img_834.png,dinosaurios_y_prehistoria,ilustracion_plana_color,251,255,dinosaurio,Pexels,marco_nieves,47c63856684256e00208857705e3335430264f71
marco_nieves_img_0345,img_835.png,dinosaurios_y_prehistoria,ilustracion_plana_color,186,202,dinosaurio,Pexels,marco_nieves,5657fb7e7a459b602d2975c1b5ff66a4de2310b2
marco_nieves_img_0346,img_836.png,dinosaurios_y_prehistoria,ilustracion_plana_color,195,239,dinosaurio,Pexels,marco_nieves,65220030562ab0ab8d7540df2d48aa7847b75943
marco_nieves_img_0347,img_837.png,dinosaurios_y_prehistoria,ilustracion_plana_color,186,239,dinosaurio,Pexels,marco_nieves,843d49ce52c37d732a066e67d52ca62b9e16806f
marco_nieves_img_0348,img_838.png,dinosaurios_y_prehistoria,ilustracion_plana_color,588,292,dinosaurio,Pexels,marco_nieves,049b69e058a8b14f0484996811279bf4f0ea5277
marco_nieves_img_0349,img_839.png,dinosaurios_y_prehistoria,ilustracion_plana_color,322,237,dinosaurio,Pexels,marco_nieves,636bdc542bf7981b18b38dd20a5c2d0d51462a03
marco_nieves_img_0350,img_840.png,dinosaurios_y_prehistoria,ilustracion_plana_color,234,242,dinosaurio,Pexels,marco_nieves,723932974b72785540a64e800ef7af21caa936e2
marco_nieves_img_0351,img_841.png,dinosaurios_y_prehistoria,ilustracion_plana_color,376,259,dinosaurio,Pexels,marco_nieves,2b791ada2c3140d8e7e7cb62b692c6c9ef85b883
marco_nieves_img_0352,img_842.png,dinosaurios_y_prehistoria,ilustracion_plana_color,466,278,dinosaurio,Pexels,marco_nieves,12feb78bc79711aa15d00019569f903ea81eebdb
marco_nieves_img_0353,img_843.png,dinosaurios_y_prehistoria,ilustracion_plana_color,477,259,dinosaurio,Pexels,marco_nieves,117db971624727beb9abd8f489e2076d2ac103e4
marco_nieves_img_0354,img_844.png,dinosaurios_y_prehistoria,ilustracion_plana_color,232,259,dinosaurio,Pexels,marco_nieves,f439cf4de6b110ac01564eaf48b348ad064b3a39
marco_nieves_img_0355,img_845.png,dinosaurios_y_prehistoria,ilustracion_plana_color,247,244,dinosaurio,Pexels,marco_nieves,675cede62632d980e85049161e5963d38df947cc
marco_nieves_img_0356,img_846.png,dinosaurios_y_prehistoria,ilustracion_plana_color,242,250,dinosaurio,Pexels,marco_nieves,9898f7fb0afb67fca3b92005c30236c963335f8f
marco_nieves_img_0357,img_847.png,dinosaurios_y_prehistoria,ilustracion_plana_color,242,250,dinosaurio,Pexels,marco_nieves,515f9906a338461eacbdb274d4848db70028bee9
marco_nieves_img_0358,img_848.png,dinosaurios_y_prehistoria,ilustracion_plana_color,263,218,dinosaurio,Pexels,marco_nieves,5e2d1ed73a873d2cc1ac08d008e3e7c2a5d8aa16
marco_nieves_img_0359,img_849.png,dinosaurios_y_prehistoria,ilustracion_plana_color,263,218,dinosaurio,Pexels,marco_nieves,104946549b0056e141783813ef97437fa83c6091
marco_nieves_img_0360,img_850.png,dinosaurios_y_prehistoria,ilustracion_plana_color,155,218,dinosaurio,Pexels,marco_nieves,9b21fd83a5ab3bd243891a5c3bb5748195d25e07
marco_nieves_img_0361,img_851.png,dinosaurios_y_prehistoria,ilustracion_plana_color,155,218,dinosaurio,Pexels,marco_nieves,d25841352208140742a7dc6d41114a50cb510c30
marco_nieves_img_0362,img_852.png,dinosaurios_y_prehistoria,ilustracion_plana_color,155,218,dinosaurio,Pexels,marco_nieves,451dd930cc230297da4312ecc52e54c13d798a42
marco_nieves_img_0363,img_853.png,dinosaurios_y_prehistoria,ilustracion_plana_color,155,218,dinosaurio,Pexels,marco_nieves,bc62fdb9c2c234a5fc3579025826c69130039ce7
marco_nieves_img_0364,img_854.png,dinosaurios_y_prehistoria,ilustracion_plana_color,222,223,dinosaurio,Pexels,marco_nieves,043acce02fdc346ad669cdfc023c54960ab9cf85
marco_nieves_img_0365,img_855.png,dinosaurios_y_prehistoria,ilustracion_plana_color,270,231,dinosaurio,Pexels,marco_nieves,3e291f0bd488afd8caad8c11687f5f98ea930b9f
marco_nieves_img_0366,img_856.png,dinosaurios_y_prehistoria,ilustracion_plana_color,462,276,dinosaurio,Pexels,marco_nieves,b84c2e69655e37525e3d42bbf9562a776a15a20e
marco_nieves_img_0367,img_857.png,dinosaurios_y_prehistoria,ilustracion_plana_color,196,199,dinosaurio,Pexels,marco_nieves,d69086f5b61e076caa62e5101dd35ce9d2a564d4
marco_nieves_img_0368,img_858.png,dinosaurios_y_prehistoria,ilustracion_plana_color,254,230,dinosaurio,Pexels,marco_nieves,c80bad67c58fc4fbe5f6da18319c0be0c845b317
marco_nieves_img_0369,img_859.png,dinosaurios_y_prehistoria,ilustracion_plana_color,235,208,dinosaurio,Pexels,marco_nieves,283816a60b07d43a6761ff7de4be953ec8b0553b
marco_nieves_img_0370,img_860.png,dinosaurios_y_prehistoria,ilustracion_plana_color,206,216,dinosaurio,Pexels,marco_nieves,1a49910af2250595e737bd1358881d3e6fc860e9
marco_nieves_img_0371,img_861.png,dinosaurios_y_prehistoria,ilustracion_plana_color,268,230,dinosaurio,Pexels,marco_nieves,3687ade5e3e6250ebb0ab034be75281beef36869
marco_nieves_img_0372,img_862.png,dinosaurios_y_prehistoria,ilustracion_plana_color,233,274,dinosaurio,Pexels,marco_nieves,c8a79d98fe1e2b06164c56f1219e712a3ac313bd
marco_nieves_img_0373,img_863.png,dinosaurios_y_prehistoria,ilustracion_plana_color,389,237,dinosaurio,Pexels,marco_nieves,81077189caebd5a1681e32f2dd92fc13e16487c1
marco_nieves_img_0374,img_864.png,dinosaurios_y_prehistoria,ilustracion_plana_color,415,224,dinosaurio,Pexels,marco_nieves,d1094a03373fbed94def69ef21662157256f6667
marco_nieves_img_0375,img_865.png,dinosaurios_y_prehistoria,ilustracion_plana_color,338,237,dinosaurio,Pexels,marco_nieves,0ba14ff6b796c14df9a46fb516a05673c6f0ce17
marco_nieves_img_0376,img_866.png,dinosaurios_y_prehistoria,ilustracion_plana_color,225,237,dinosaurio,Pexels,marco_nieves,8bee53a278d7cde4b457c546ded309e8f1f2330d
marco_nieves_img_0377,img_867.png,dinosaurios_y_prehistoria,ilustracion_plana_color,378,246,dinosaurio,Pexels,marco_nieves,13d480cb0f02b0f9763e7d9efa81188c8403a2e7
marco_nieves_img_0378,img_868.png,dinosaurios_y_prehistoria,ilustracion_plana_color,275,286,dinosaurio,Pexels,marco_nieves,9677b8838f2ae449d4773cbc608ac36473c71667
marco_nieves_img_0379,img_869.png,dinosaurios_y_prehistoria,ilustracion_plana_color,147,179,dinosaurio,Pexels,marco_nieves,7ff97789e785ea5b76126eb3a1753bcf1cc8ad4e
marco_nieves_img_0380,img_870.png,dinosaurios_y_prehistoria,ilustracion_plana_color,311,235,dinosaurio,Pexels,marco_nieves,fc57a1c0070c66f6ca7b4bd2520e0b9b9a08f557
marco_nieves_img_0381,img_871.png,dinosaurios_y_prehistoria,ilustracion_plana_color,346,235,dinosaurio,Pexels,marco_nieves,e3d8764d447afbd6561848be1d9ea9475ae64702
marco_nieves_img_0382,img_872.png,dinosaurios_y_prehistoria,ilustracion_plana_color,184,163,dinosaurio,Pexels,marco_nieves,96f50de2ef94d5003415e0b630ef135a89484edb
marco_nieves_img_0383,img_873.png,dinosaurios_y_prehistoria,ilustracion_plana_color,260,278,dinosaurio,Pexels,marco_nieves,e6d169400c33b73ec932568ed7be852fa5af975b
marco_nieves_img_0384,img_874.png,dinosaurios_y_prehistoria,ilustracion_plana_color,477,278,dinosaurio,Pexels,marco_nieves,76dc65a4b754cec6d39ba40402cfa1f4edfb9c37
marco_nieves_img_0385,img_875.png,dinosaurios_y_prehistoria,ilustracion_plana_color,459,264,dinosaurio,Pexels,marco_nieves,158bea3736dfbf92631d21964ebd088eb1da9f0c
marco_nieves_img_0386,img_876.png,dinosaurios_y_prehistoria,ilustracion_plana_color,258,264,dinosaurio,Pexels,marco_nieves,6cfff600c4384c58387b2fa9f77ddd90b35c91ff
marco_nieves_img_0387,img_877.png,dinosaurios_y_prehistoria,ilustracion_plana_color,275,274,dinosaurio,Pexels,marco_nieves,55b3bb1693f7b1cc9873c869150076120a9b54c0
marco_nieves_img_0388,img_878.png,dinosaurios_y_prehistoria,ilustracion_plana_color,370,227,dinosaurio,Pexels,marco_nieves,baafc6862e039ac658247d4c4dc5696f1d231e80
marco_nieves_img_0389,img_879.png,dinosaurios_y_prehistoria,ilustracion_plana_color,350,253,dinosaurio,Pexels,marco_nieves,4384d9aaf3f981cd02d7fd5b6c9989e2b3f30f84
marco_nieves_img_0390,img_880.png,dinosaurios_y_prehistoria,ilustracion_plana_color,202,199,dinosaurio,Pexels,marco_nieves,7d608b8edf31ae5f36fa5a089190a35e37fcfc35
marco_nieves_img_0391,img_881.png,dinosaurios_y_prehistoria,ilustracion_plana_color,272,223,dinosaurio,Pexels,marco_nieves,3618d3910328251c3cc82b732d1429e92de95931
marco_nieves_img_0392,img_882.png,dinosaurios_y_prehistoria,ilustracion_plana_color,487,222,dinosaurio,Pexels,marco_nieves,2650c93e7380ce5495e9420443709f6ce84173f8
marco_nieves_img_0393,img_883.png,dinosaurios_y_prehistoria,ilustracion_plana_color,231,234,dinosaurio,Pexels,marco_nieves,8e8abf57d9efd007e0244e12884716c2c62739c1
marco_nieves_img_0394,img_884.png,dinosaurios_y_prehistoria,ilustracion_plana_color,283,217,dinosaurio,Pexels,marco_nieves,2b9600fe52dc88f11490d2a4c17636af537c15a8
marco_nieves_img_0395,img_885.png,dinosaurios_y_prehistoria,ilustracion_plana_color,206,224,dinosaurio,Pexels,marco_nieves,60a6d58f8209d401eb79bd9697f0bab99c035ffe
marco_nieves_img_0396,img_886.png,dinosaurios_y_prehistoria,ilustracion_plana_color,335,235,dinosaurio,Pexels,marco_nieves,75b6694dc4b3aa9358315e818af73b20e1cd9495
marco_nieves_img_0397,img_887.png,dinosaurios_y_prehistoria,ilustracion_plana_color,226,212,dinosaurio,Pexels,marco_nieves,bd874548f7389dbb25d194e334166b4211121cfe
marco_nieves_img_0398,img_888.png,dinosaurios_y_prehistoria,ilustracion_plana_color,659,155,dinosaurio,Pexels,marco_nieves,66c43809cc5930441fddcedb8ea57871fc4d1419
marco_nieves_img_0399,img_889.png,dinosaurios_y_prehistoria,ilustracion_plana_color,239,225,dinosaurio,Pexels,marco_nieves,bd4c333627fbef9d2289e571464a8ed248209d2a
marco_nieves_img_0400,img_890.png,dinosaurios_y_prehistoria,ilustracion_plana_color,243,246,dinosaurio,Pexels,marco_nieves,fd37f6dd452d85ebcf98f578e2b3209cc2473ac8
marco_nieves_img_0401,img_891.png,dinosaurios_y_prehistoria,ilustracion_plana_color,332,253,dinosaurio,Pexels,marco_nieves,03bb37b99ca4b67db61fd0ae4814f444150f4583
marco_nieves_img_0402,img_892.png,dinosaurios_y_prehistoria,ilustracion_plana_color,526,216,dinosaurio,Pexels,marco_nieves,618ee4a1a2bfb79d67e0056c4c074b4d95efdef1
marco_nieves_img_0403,img_893.png,dinosaurios_y_prehistoria,ilustracion_plana_color,237,255,dinosaurio,Pexels,marco_nieves,7c0d17d36ebf6aee86fed21cdac58d3b930f5034
marco_nieves_img_0404,img_894.png,dinosaurios_y_prehistoria,ilustracion_plana_color,408,227,dinosaurio,Pexels,marco_nieves,e168e7cec6856a9e8dae92da929bd8cec9b12cf7
marco_nieves_img_0405,img_895.png,dinosaurios_y_prehistoria,ilustracion_plana_color,528,217,dinosaurio,Pexels,marco_nieves,511d1bd0ed5b8f1e16ff6c9d10c5a36985415927
marco_nieves_img_0406,img_896.png,dinosaurios_y_prehistoria,ilustracion_plana_color,333,232,dinosaurio,Pexels,marco_nieves,2e8abfeb76cba3081996cd226691ae4235fd0025
marco_nieves_img_0407,img_897.png,dinosaurios_y_prehistoria,ilustracion_plana_color,220,220,dinosaurio,Pexels,marco_nieves,424e086f007ed19944170f9c92f3c4e2cb2ec021
marco_nieves_img_0408,img_898.png,dinosaurios_y_prehistoria,ilustracion_plana_color,241,227,dinosaurio,Pexels,marco_nieves,a7343c7830ebb6429e0a4b7a977fc7e594006307
marco_nieves_img_0409,img_899.png,dinosaurios_y_prehistoria,ilustracion_plana_color,214,244,dinosaurio,Pexels,marco_nieves,6665b390e6cdb4a84514b513195a64bb1b464d4f
marco_nieves_img_0410,img_900.png,dinosaurios_y_prehistoria,ilustracion_plana_color,181,250,dinosaurio,Pexels,marco_nieves,806c78e8620767d98df764d8ba77b8ea42188601
marco_nieves_img_0411,img_901.png,dinosaurios_y_prehistoria,ilustracion_plana_color,518,259,dinosaurio,Pexels,marco_nieves,6dc5ecf844e655aba53697d5ef3121449064d029
marco_nieves_img_0412,img_902.png,dinosaurios_y_prehistoria,ilustracion_plana_color,191,230,dinosaurio,Pexels,marco_nieves,ce616e83b7cb415f520eaabff2106c19943eec8b
marco_nieves_img_0413,img_903.png,dinosaurios_y_prehistoria,ilustracion_plana_color,257,252,fosil,Pexels,marco_nieves,abd7522f56d84259b63e3d39394ae0829231f9a9
marco_nieves_img_0414,img_904.png,dinosaurios_y_prehistoria,ilustracion_plana_color,214,236,dinosaurio,Pexels,marco_nieves,c618dd2e4bb4825bd7065e149795d29871a92870
marco_nieves_img_0415,img_905.png,dinosaurios_y_prehistoria,ilustracion_plana_color,350,227,dinosaurio,Pexels,marco_nieves,3754d9d36821c41defdaf2a818c514db35ef4798
marco_nieves_img_0416,img_906.png,dinosaurios_y_prehistoria,ilustracion_plana_color,696,167,dinosaurio,Pexels,marco_nieves,5f690a212e3c9559075a85b323b63f432bab157d
marco_nieves_img_0417,img_907.png,dinosaurios_y_prehistoria,ilustracion_plana_color,217,253,dinosaurio,Pexels,marco_nieves,9eec83ef1fc8e1c729db1bcc3b87c4cdf0f1d339
marco_nieves_img_0418,img_908.png,dinosaurios_y_prehistoria,ilustracion_plana_color,707,155,dinosaurio,Pexels,marco_nieves,f25ffd1089eade05282fe7749046781a807ee45f
marco_nieves_img_0419,img_909.png,dinosaurios_y_prehistoria,ilustracion_plana_color,475,277,dinosaurio,Pexels,marco_nieves,f64167f8cc1a14720757ac6765fb8ebe9b6b37c4
marco_nieves_img_0420,img_910.png,dinosaurios_y_prehistoria,ilustracion_plana_color,406,277,dinosaurio,Pexels,marco_nieves,252a1d7ea0fd1c262c55bf6a2f970438d7e6f486
marco_nieves_img_0421,img_911.png,dinosaurios_y_prehistoria,ilustracion_plana_color,183,270,dinosaurio,Pexels,marco_nieves,643648c2af9812c36f75fc01ad76115e63ad13ff
marco_nieves_img_0422,img_912.png,dinosaurios_y_prehistoria,ilustracion_plana_color,457,299,dinosaurio,Pexels,marco_nieves,b13fb233a4f0c1a1b9b00afd3fd65ecad06abd80
marco_nieves_img_0423,img_913.png,dinosaurios_y_prehistoria,ilustracion_plana_color,261,299,dinosaurio,Pexels,marco_nieves,b7e0884f6b69c6b861a0a6799e71405dba397099
marco_nieves_img_0424,img_914.png,dinosaurios_y_prehistoria,ilustracion_plana_color,420,254,dinosaurio,Pexels,marco_nieves,45a55a00f0fc9b44ce6ccc5cb735e3693b28c6b6
marco_nieves_img_0425,img_915.png,dinosaurios_y_prehistoria,ilustracion_plana_color,336,131,dinosaurio,Pexels,marco_nieves,a3561af837fb1ccc2acb4d8609c5f6962c8f36e2
marco_nieves_img_0426,img_916.png,dinosaurios_y_prehistoria,ilustracion_plana_color,348,131,dinosaurio,Pexels,marco_nieves,40d4749729ebd3a20126b291bebd881ad5743c7a
marco_nieves_img_0427,img_917.png,dinosaurios_y_prehistoria,ilustracion_plana_color,268,131,dinosaurio,Pexels,marco_nieves,e0324c78cf1ff07b8d05762ddbd92da81059bbf8
marco_nieves_img_0428,img_918.png,dinosaurios_y_prehistoria,ilustracion_plana_color,314,302,dinosaurio,Pexels,marco_nieves,9d328f50565032c4617896d73102bc2cd96d0232
marco_nieves_img_0429,img_919.png,dinosaurios_y_prehistoria,ilustracion_plana_color,451,279,dinosaurio,Pexels,marco_nieves,11b6c3ee1e1c1476dfc6bf549b3b5dc771982151
marco_nieves_img_0430,img_920.png,dinosaurios_y_prehistoria,ilustracion_plana_color,447,284,dinosaurio,Pexels,marco_nieves,9601fb29cfc44f4da1366061a8dd1ae3aabe319c
marco_nieves_img_0431,img_921.png,dinosaurios_y_prehistoria,ilustracion_plana_color,207,124,dinosaurio,Pexels,marco_nieves,5ef2332fb3f158cfce11935368e69249358706ed
marco_nieves_img_0432,img_922.png,dinosaurios_y_prehistoria,ilustracion_plana_color,245,127,dinosaurio,Pexels,marco_nieves,07ba1647a709c123148df8394716ff6061462126
marco_nieves_img_0433,img_923.png,dinosaurios_y_prehistoria,ilustracion_plana_color,245,127,dinosaurio,Pexels,marco_nieves,642917928039643ca406a591b4efde2e3cb470f6
marco_nieves_img_0434,img_924.png,dinosaurios_y_prehistoria,ilustracion_plana_color,206,132,dinosaurio,Pexels,marco_nieves,bac2066f53084d5ba24a402165bbf22a193f44fe
marco_nieves_img_0435,img_925.png,dinosaurios_y_prehistoria,ilustracion_plana_color,266,116,dinosaurio,Pexels,marco_nieves,94c4b15b0c2aee051f235cc1adc8ddae0af6980f
marco_nieves_img_0436,img_926.png,dinosaurios_y_prehistoria,ilustracion_plana_color,266,116,dinosaurio,Pexels,marco_nieves,f6e3be88bb22c88740e96e3bf37eb6ae4579248e
marco_nieves_img_0437,img_927.png,dinosaurios_y_prehistoria,ilustracion_plana_color,266,116,dinosaurio,Pexels,marco_nieves,b19bc085c71e74b03a690f09945eb57a30e6dabf
marco_nieves_img_0438,img_928.png,dinosaurios_y_prehistoria,ilustracion_plana_color,266,116,dinosaurio,Pexels,marco_nieves,97f3121397a25712c864f620988012c134bc5e7b
marco_nieves_img_0439,img_929.png,dinosaurios_y_prehistoria,ilustracion_plana_color,197,177,dinosaurio,Pexels,marco_nieves,d8bc15259d6e9e6483debcb8bb55702120824044
marco_nieves_img_0440,img_930.png,dinosaurios_y_prehistoria,ilustracion_plana_color,200,197,dinosaurio,Pexels,marco_nieves,cac41bfaa284a913c4f7e5e5caa0ac19013b2dd2
marco_nieves_img_0441,img_931.png,dinosaurios_y_prehistoria,ilustracion_plana_color,293,231,dinosaurio,Pexels,marco_nieves,80f801bff5c657c969620c596d1f20d3799d37ef
marco_nieves_img_0442,img_932.png,dinosaurios_y_prehistoria,ilustracion_plana_color,361,235,dinosaurio,Pexels,marco_nieves,7ca7f2489d1dd4f3f21ed9122911412b98547fa0
marco_nieves_img_0443,img_933.png,dinosaurios_y_prehistoria,ilustracion_plana_color,182,147,dinosaurio,Pexels,marco_nieves,3e1119abcaa4132de275336df4c021a8c094b8f6
marco_nieves_img_0444,img_934.png,dinosaurios_y_prehistoria,ilustracion_plana_color,246,177,dinosaurio,Pexels,marco_nieves,fb933368c5e228d748272de9b1be47aa66bc0658
marco_nieves_img_0445,img_935.png,dinosaurios_y_prehistoria,ilustracion_plana_color,177,262,dinosaurio,Pexels,marco_nieves,25ed78cbde22d9e77e7bc16d405b8f14ab74256a
marco_nieves_img_0446,img_936.png,dinosaurios_y_prehistoria,ilustracion_plana_color,236,266,dinosaurio,Pexels,marco_nieves,d986015072f085d4fd86d54c374d7c3e1b6116f7
marco_nieves_img_0447,img_937.png,dinosaurios_y_prehistoria,ilustracion_plana_color,283,155,dinosaurio,Pexels,marco_nieves,8291c480f634a0fcbad51d6421c0bf59465c8b95
marco_nieves_img_0448,img_938.png,dinosaurios_y_prehistoria,ilustracion_plana_color,242,148,dinosaurio,Pexels,marco_nieves,6e43354b68775ab07046ffd0a12ed753a6a8182c
marco_nieves_img_0449,img_939.png,dinosaurios_y_prehistoria,ilustracion_plana_color,239,148,dinosaurio,Pexels,marco_nieves,76dadce9b035c766edb2dbaf186952899aad5bdc
marco_nieves_img_0450,img_940.png,dinosaurios_y_prehistoria,ilustracion_plana_color,217,280,dinosaurio,Pexels,marco_nieves,0a87e275a150ed700e8114b4287fa7cb36fdff2f
marco_nieves_img_0451,img_941.png,dinosaurios_y_prehistoria,ilustracion_plana_color,234,237,dinosaurio,Pexels,marco_nieves,24f993177f157e7e398a09a6789415a9766cffc3
marco_nieves_img_0452,img_942.png,dinosaurios_y_prehistoria,ilustracion_plana_color,181,241,dinosaurio,Pexels,marco_nieves,4d1a43bb7d707707b689df83b3721c6603ef8dcb
marco_nieves_img_0453,img_943.png,dinosaurios_y_prehistoria,ilustracion_plana_color,249,252,dinosaurio,Pexels,marco_nieves,bb35c5a5f29ed29a5e1742b14dcf0e557ab8d02f
marco_nieves_img_0454,img_944.png,dinosaurios_y_prehistoria,ilustracion_plana_color,225,235,dinosaurio,Pexels,marco_nieves,d33bfe58c0df5d741199268bd9bf48ab492aabb9
marco_nieves_img_0455,img_945.png,dinosaurios_y_prehistoria,ilustracion_plana_color,215,211,dinosaurio,Pexels,marco_nieves,723bca21c6c61636f253818a5c1eb6df77cb6303
marco_nieves_img_0456,img_946.png,dinosaurios_y_prehistoria,ilustracion_plana_color,294,226,dinosaurio,Pexels,marco_nieves,dd22d99d133a7b28b895eb451a22a61a14df6d2a
marco_nieves_img_0457,img_947.png,dinosaurios_y_prehistoria,ilustracion_plana_color,125,226,dinosaurio,Pexels,marco_nieves,c43bae8fc17990603cc72aecb12e35e4129674cf
marco_nieves_img_0458,img_948.png,dinosaurios_y_prehistoria,ilustracion_plana_color,263,131,dinosaurio,Pexels,marco_nieves,53b2bde0277b167e434f30bc12a48635d5f5b460
marco_nieves_img_0459,img_949.png,dinosaurios_y_prehistoria,ilustracion_plana_color,260,116,dinosaurio,Pexels,marco_nieves,d876bb85e493fe4b2a32ad84787472468dfaad27
marco_nieves_img_0460,img_950.png,dinosaurios_y_prehistoria,ilustracion_plana_color,275,134,dinosaurio,Pexels,marco_nieves,bcb68b6786ef432fd5fae70bda7435486b8fb64b
marco_nieves_img_0461,img_951.png,dinosaurios_y_prehistoria,ilustracion_plana_color,126,295,dinosaurio,Pexels,marco_nieves,cd43dbdcc7705196a43810cc5e296eee4743ec51
marco_nieves_img_0462,img_952.png,dinosaurios_y_prehistoria,ilustracion_plana_color,313,161,dinosaurio,Pexels,marco_nieves,3a2c7ef1ee5333441a6173058046828d7f419bac
marco_nieves_img_0463,img_953.png,dinosaurios_y_prehistoria,ilustracion_plana_color,265,274,dinosaurio,Pexels,marco_nieves,c5f96fa6445815ece22872200adacaffd9f2da63
marco_nieves_img_0464,img_954.png,dinosaurios_y_prehistoria,ilustracion_plana_color,174,169,dinosaurio,Pexels,marco_nieves,753d9c4f7d83bf0c0056be53b2ef6a4742da0b48
marco_nieves_img_0465,img_955.png,dinosaurios_y_prehistoria,ilustracion_plana_color,176,181,dinosaurio,Pexels,marco_nieves,fb9e7f224c1b4a7d2a7c29f033b1e9053d5e1c59
marco_nieves_img_0466,img_956.png,dinosaurios_y_prehistoria,ilustracion_plana_color,171,214,dinosaurio,Pexels,marco_nieves,71a35e73c58c604767c91322df80420d0dc83451
marco_nieves_img_0467,img_957.png,dinosaurios_y_prehistoria,ilustracion_plana_color,257,185,dinosaurio,Pexels,marco_nieves,2e55f7f45900df211e1299bf94c36279eeb0a2b0
marco_nieves_img_0468,img_958.png,dinosaurios_y_prehistoria,ilustracion_plana_color,195,254,dinosaurio,Pexels,marco_nieves,b162b97adcf0c3cdfc33c60929aacd571c555fba
marco_nieves_img_0469,img_959.png,dinosaurios_y_prehistoria,ilustracion_plana_color,327,261,dinosaurio,Pexels,marco_nieves,e2e596093b65d2ec95918b153f00acc58c3cd94f
marco_nieves_img_0470,img_960.png,dinosaurios_y_prehistoria,ilustracion_plana_color,220,265,dinosaurio,Pexels,marco_nieves,61ce3a9389396d2276d973a16516326979fbe216
marco_nieves_img_0471,img_961.png,dinosaurios_y_prehistoria,ilustracion_plana_color,209,202,dinosaurio,Pexels,marco_nieves,d1e3571404b3384c05cd5b72488367f3a3cf93da
marco_nieves_img_0472,img_962.png,dinosaurios_y_prehistoria,ilustracion_plana_color,212,253,dinosaurio,Pexels,marco_nieves,9716ea35e26adcdba8f73c06196bb1b2b547b247
marco_nieves_img_0473,img_963.png,dinosaurios_y_prehistoria,ilustracion_plana_color,227,233,dinosaurio,Pexels,marco_nieves,7c96c34cf5853b0127d87ca65619e2b28daadca8
marco_nieves_img_0474,img_964.png,dinosaurios_y_prehistoria,ilustracion_plana_color,210,251,dinosaurio,Pexels,marco_nieves,d379d2d38e24731d8abd4272e84a257ed753ef0d
marco_nieves_img_0475,img_965.png,dinosaurios_y_prehistoria,ilustracion_plana_color,464,191,dinosaurio,Pexels,marco_nieves,38d9e14b9c0818fa62cd34bf20f9f30405227633
marco_nieves_img_0476,img_966.png,dinosaurios_y_prehistoria,ilustracion_plana_color,335,183,dinosaurio,Pexels,marco_nieves,e2104cf37ab26f15bfca1bb626b76033698a4355
marco_nieves_img_0477,img_967.png,dinosaurios_y_prehistoria,ilustracion_plana_color,233,274,dinosaurio,Pexels,marco_nieves,c84a14b364c54102b475baecb4ee591e98517e8a
marco_nieves_img_0478,img_968.png,dinosaurios_y_prehistoria,ilustracion_plana_color,488,246,dinosaurio,Pexels,marco_nieves,36fded7722192caba35b5b8eb1f5044c0734662d
marco_nieves_img_0479,img_969.png,dinosaurios_y_prehistoria,ilustracion_plana_color,213,195,dinosaurio,Pexels,marco_nieves,493bea5d628ffb5737338f1cad668cac7370a6d5
marco_nieves_img_0480,img_970.png,dinosaurios_y_prehistoria,ilustracion_plana_color,211,188,dinosaurio,Pexels,marco_nieves,57c1c76cc263d1f46bcefae0ca37728d15e17bce
marco_nieves_img_0481,img_971.png,dinosaurios_y_prehistoria,ilustracion_plana_color,203,228,dinosaurio,Pexels,marco_nieves,7d777d897cbd80caa557b238725816300988d79d
marco_nieves_img_0482,img_972.png,dinosaurios_y_prehistoria,ilustracion_plana_color,248,192,dinosaurio,Pexels,marco_nieves,12b42ba4779f5820d291394cae1dc1646a4c17c5
marco_nieves_img_0483,img_973.png,dinosaurios_y_prehistoria,ilustracion_plana_color,211,218,dinosaurio,Pexels,marco_nieves,9eea361760feec3e390136967ba3cccc16031185
marco_nieves_img_0484,img_974.png,dinosaurios_y_prehistoria,ilustracion_plana_color,259,284,dinosaurio,Pexels,marco_nieves,4586308e7dcdb0e1326d93c78a8a5bb18920a2c6
marco_nieves_img_0485,img_975.png,dinosaurios_y_prehistoria,ilustracion_plana_color,244,213,dinosaurio,Pexels,marco_nieves,2eb7c1e59b2ff4883837e8c1ed7b0e7647be5139
marco_nieves_img_0486,img_976.png,dinosaurios_y_prehistoria,ilustracion_plana_color,235,221,dinosaurio,Pexels,marco_nieves,9e531c719226557c6cca7c4a6df359d7862b4b66
marco_nieves_img_0487,img_977.png,dinosaurios_y_prehistoria,ilustracion_plana_color,195,255,dinosaurio,Pexels,marco_nieves,6e3b23f2fa8f4ddd84b2a026ce081aabf1f7c79c
marco_nieves_img_0488,img_978.png,dinosaurios_y_prehistoria,ilustracion_plana_color,233,246,dinosaurio,Pexels,marco_nieves,9adb883a33d9d75d6b95b86bd2e65c6a11f1a131
marco_nieves_img_0489,img_979.png,dinosaurios_y_prehistoria,ilustracion_plana_color,243,233,dinosaurio,Pexels,marco_nieves,15287d548a8b4826aa28f01dd2033af856c2cd8a
marco_nieves_img_0490,img_980.png,dinosaurios_y_prehistoria,ilustracion_plana_color,160,192,dinosaurio,Pexels,marco_nieves,b469de9f5300116bf0150e6b1ac338e097c39ddd
marco_nieves_img_0491,img_981.png,dinosaurios_y_prehistoria,ilustracion_plana_color,244,260,dinosaurio,Pexels,marco_nieves,78aa663fca43bbb4a9cc7152347e89f486291f21
marco_nieves_img_0492,img_982.png,dinosaurios_y_prehistoria,ilustracion_plana_color,640,436,persona,Pexels,marco_nieves,b00575f7a005dcfe0a6e8ae3979ecd4f2c6c8db8
marco_nieves_img_0493,img_983.png,dinosaurios_y_prehistoria,ilustracion_plana_color,640,320,persona,Pexels,marco_nieves,0536e4c95aae0e4fa32287a805fbfa3e5e89f52f
marco_nieves_img_0494,img_984.png,dinosaurios_y_prehistoria,ilustracion_plana_color,615,640,persona,Pexels,marco_nieves,8a34cc8175b4db6458e35b9e0b803e02a27df6fe
marco_nieves_img_0495,img_985.png,dinosaurios_y_prehistoria,ilustracion_plana_color,522,640,vegetacion,Pexels,marco_nieves,bb252ee9dabb97daa142fe935783a24c819d3c8a
marco_nieves_img_0496,img_986.png,dinosaurios_y_prehistoria,ilustracion_plana_color,525,640,vegetacion,Pexels,marco_nieves,ce1f77ae84887f1df690c88ec67a27f7a5754310
marco_nieves_img_0497,img_987.png,dinosaurios_y_prehistoria,ilustracion_plana_color,552,640,vegetacion,Pexels,marco_nieves,589608cb0b7976c463ebacb1f0a092fad758aa69
marco_nieves_img_0498,img_988.png,dinosaurios_y_prehistoria,ilustracion_plana_color,443,640,vegetacion,Pexels,marco_nieves,5a0cbbd76c15e6bf080809735402cd1396901c03
marco_nieves_img_0499,img_989.png,dinosaurios_y_prehistoria,ilustracion_plana_color,434,640,dinosaurio,Pexels,marco_nieves,68a5a8ad67fcca4228aafcd2d72370280092238f
marco_nieves_img_0500,img_990.png,dinosaurios_y_prehistoria,ilustracion_plana_color,587,640,dinosaurio,Pexels,marco_nieves,1e7ebd4e094891ef3b9338f65247e5abd1b7ed5d
marco_nieves_img_0501,img_991.png,dinosaurios_y_prehistoria,ilustracion_plana_color,640,360,vegetacion,Pexels,marco_nieves,e8abcb692e942d8fa2a9ce3fe8ef6f86b6c847e6
marco_nieves_img_0503,img_993.png,dinosaurios_y_prehistoria,ilustracion_plana_color,640,436,persona,Pexels,marco_nieves,d1709fde6b028cc036d7590a34809d181acdb1d9
marco_nieves_img_0504,img_994.png,dinosaurios_y_prehistoria,ilustracion_plana_color,640,320,persona,Pexels,marco_nieves,bc8d7861275fefed4110ab3832b4a313f8884e00
marco_nieves_img_0505,img_995.png,dinosaurios_y_prehistoria,ilustracion_plana_color,615,640,persona,Pexels,marco_nieves,20d61663c0ba4d4fed1b9263ef2b838ec5b74c85
marco_nieves_img_0506,img_996.png,dinosaurios_y_prehistoria,ilustracion_plana_color,522,640,vegetacion,Pexels,marco_nieves,a84e6e08b52745708213a10be4feb2e30e265c78
marco_nieves_img_0507,img_997.png,dinosaurios_y_prehistoria,ilustracion_plana_color,525,640,vegetacion,Pexels,marco_nieves,ad5935f9b8afbcea60c4f27aeaa7756b24fd64ea
marco_nieves_img_0508,img_998.png,dinosaurios_y_prehistoria,ilustracion_plana_color,552,640,vegetacion,Pexels,marco_nieves,b8580294303ba0438bc5ca24f0c5874ef1ba103e
marco_nieves_img_0509,img_999.png,dinosaurios_y_prehistoria,ilustracion_plana_color,443,640,vegetacion,Pexels,marco_nieves,519aa88ccb4ba8bae9b8d1898db28ecf74b8c879
