archivo,tematica,descripcion,fuente
img_0001.jpg,magia_y_brujas,ilustración de bruja y luna estilo plano,Pixabay
img_0002.jpg,magia_y_brujas,ilustración de sombrero y bruja estilo plano,Pixabay
img_0003.jpg,magia_y_brujas,ilustración de halloween y bruja estilo plano,Pixabay
img_0004.jpg,magia_y_brujas,ilustración de sombrero y bruja estilo plano,Pixabay
img_0005.jpg,magia_y_brujas,ilustración de bruja y halloween estilo plano,Pixabay
img_0006.jpg,magia_y_brujas,ilustración de magia estilo plano,Pixabay
img_0007.jpg,magia_y_brujas,ilustración de bruja y luna estilo plano,Pixabay
img_0008.jpg,magia_y_brujas,ilustración de halloween y bruja estilo plano,Pixabay
img_0009.jpg,magia_y_brujas,ilustración de estrella y estrella estilo plano,Pixabay
img_0010.jpg,magia_y_brujas,ilustración de halloween y halloween estilo plano,Pixabay
img_0011.jpg,magia_y_brujas,ilustración de bruja y halloween estilo plano,Pixabay
img_0012.jpg,magia_y_brujas,ilustración de halloween y halloween estilo plano,Pixabay
img_0013.jpg,magia_y_brujas,ilustración de estrella estilo plano,Pixabay
img_0014.jpg,magia_y_brujas,ilustración de bruja y sombrero estilo plano,Pixabay
img_0015.jpg,magia_y_brujas,ilustración de magia y bruja estilo plano,Pixabay
img_0016.jpg,magia_y_brujas,ilustración de halloween estilo plano,Pixabay
img_0017.jpg,magia_y_brujas,ilustración de caldero y halloween estilo plano,Pixabay
img_0018.jpg,magia_y_brujas,ilustración de halloween y bruja estilo plano,Pixabay
img_0019.jpg,magia_y_brujas,ilustración de halloween y bruja estilo plano,Pixabay
img_0020.jpg,magia_y_brujas,ilustración de escoba y bruja estilo plano,Pixabay
img_0021.jpg,magia_y_brujas,ilustración de bruja y halloween estilo plano,Pixabay
img_0022.jpg,magia_y_brujas,ilustración de magia y mago estilo plano,Pixabay
img_0023.jpg,magia_y_brujas,ilustración de bruja y sombrero estilo plano,Pixabay
img_0024.jpg,magia_y_brujas,ilustración de magia estilo plano,Pixabay
img_0025.jpg,magia_y_brujas,ilustración de bruja y sombrero estilo plano,Pixabay
img_0026.jpg,magia_y_brujas,ilustración de sombrero estilo plano,Pixabay
img_0027.jpg,magia_y_brujas,ilustración de bruja y magia estilo plano,Pixabay
img_0028.jpg,magia_y_brujas,ilustración de bruja y mago estilo plano,Pixabay
img_0029.jpg,magia_y_brujas,ilustración de poción y caldero estilo plano,Pixabay
img_0030.jpg,magia_y_brujas,ilustración de bruja y halloween estilo plano,Pixabay
img_0031.jpg,magia_y_brujas,ilustración de bruja y halloween estilo plano,Pixabay
img_0032.jpg,magia_y_brujas,ilustración de bruja y sombrero estilo plano,Pixabay
img_0033.jpg,magia_y_brujas,ilustración de bruja y varita estilo plano,Pixabay
img_0034.jpg,magia_y_brujas,ilustración de halloween y halloween estilo plano,Pixabay
img_0035.jpg,magia_y_brujas,ilustración de bruja y sombrero estilo plano,Pixabay
img_0036.jpg,magia_y_brujas,ilustración de bruja y magia estilo plano,Pixabay
img_0037.jpg,magia_y_brujas,ilustración de bruja y bruja estilo plano,Pixabay
img_0038.jpg,magia_y_brujas,ilustración de halloween y bruja estilo plano,Pixabay
img_0039.jpg,magia_y_brujas,ilustración de magia estilo plano,Pixabay
img_0040.jpg,magia_y_brujas,ilustración de bruja y halloween estilo plano,Pixabay
img_0041.jpg,magia_y_brujas,ilustración de escoba y bruja estilo plano,Pixabay
img_0042.jpg,magia_y_brujas,ilustración de magia estilo plano,Pixabay
img_0043.jpg,magia_y_brujas,ilustración de estrella estilo plano,Pixabay
img_0044.jpg,magia_y_brujas,ilustración de magia estilo plano,Pixabay
img_0045.jpg,magia_y_brujas,ilustración de magia estilo plano,Pixabay
img_0046.jpg,magia_y_brujas,ilustración de bruja y halloween estilo plano,Pixabay
img_0047.jpg,magia_y_brujas,ilustración de bruja y hechicero estilo plano,Pixabay
img_0048.jpg,magia_y_brujas,ilustración de bruja y halloween estilo plano,Pixabay
img_0049.jpg,magia_y_brujas,ilustración de bruja estilo plano,Pixabay
img_0050.jpg,magia_y_brujas,ilustración de halloween estilo plano,Pixabay
img_0051.jpg,magia_y_brujas,ilustración de bruja y halloween estilo plano,Pixabay
img_0052.jpg,magia_y_brujas,ilustración de halloween estilo plano,Pixabay
img_0053.jpg,magia_y_brujas,ilustración de bruja y halloween estilo plano,Pixabay
img_0054.jpg,magia_y_brujas,ilustración de halloween y bruja estilo plano,Pixabay
img_0055.jpg,magia_y_brujas,ilustración de magia estilo plano,Pixabay
img_0056.jpg,magia_y_brujas,ilustración de halloween y halloween estilo plano,Pixabay
img_0057.jpg,magia_y_brujas,ilustración de magia estilo plano,Pixabay
img_0058.jpg,magia_y_brujas,ilustración de bruja y sombrero estilo plano,Pixabay
img_0059.jpg,magia_y_brujas,ilustración de bruja y halloween estilo plano,Pixabay
img_0060.jpg,magia_y_brujas,ilustración de bruja y magia estilo plano,Pixabay
img_0061.jpg,magia_y_brujas,ilustración de estrella estilo plano,Pixabay
img_0062.jpg,magia_y_brujas,ilustración de magia estilo plano,Pixabay
img_0063.jpg,magia_y_brujas,ilustración de bruja y hechicero estilo plano,Pixabay
img_0064.jpg,magia_y_brujas,ilustración de bruja y escoba estilo plano,Pixabay
img_0065.jpg,magia_y_brujas,ilustración de estrella estilo plano,Pixabay
img_0066.jpg,magia_y_brujas,ilustración de halloween y magia estilo plano,Pixabay
img_0067.jpg,magia_y_brujas,ilustración de halloween y bruja estilo plano,Pixabay
img_0068.jpg,magia_y_brujas,ilustración de magia y bruja estilo plano,Pixabay
img_0069.jpg,magia_y_brujas,ilustración de halloween y bruja estilo plano,Pixabay
img_0070.jpg,magia_y_brujas,ilustración de sombrero y sombrero estilo plano,Pixabay
img_0071.jpg,magia_y_brujas,ilustración de halloween y bruja estilo plano,Pixabay
img_0072.jpg,magia_y_brujas,ilustración de magia estilo plano,Pixabay
img_0073.jpg,magia_y_brujas,ilustración de estrella estilo plano,Pixabay
img_0074.jpg,magia_y_brujas,ilustración de bruja y magia estilo plano,Pixabay
img_0075.jpg,magia_y_brujas,ilustración de magia estilo plano,Pixabay
img_0076.jpg,magia_y_brujas,ilustración de bruja y magia estilo plano,Pixabay
img_0077.jpg,magia_y_brujas,ilustración de bruja y magia estilo plano,Pixabay
img_0078.jpg,magia_y_brujas,ilustración de halloween estilo plano,Pixabay
img_0079.jpg,magia_y_brujas,ilustración de halloween y magia estilo plano,Pixabay
img_0080.jpg,magia_y_brujas,ilustración de sombrero y sombrero estilo plano,Pixabay
img_0081.jpg,magia_y_brujas,ilustración de bruja y magia estilo plano,Pixabay
img_0082.jpg,magia_y_brujas,ilustración de bruja y halloween estilo plano,Pixabay
img_0083.jpg,magia_y_brujas,ilustración de estrella estilo plano,Pixabay
img_0084.jpg,magia_y_brujas,ilustración de bruja y escoba estilo plano,Pixabay
img_0085.jpg,magia_y_brujas,ilustración de estrella estilo plano,Pixabay
img_0086.jpg,magia_y_brujas,ilustración de magia estilo plano,Pixabay
img_0087.jpg,magia_y_brujas,ilustración de bruja y magia estilo plano,Pixabay
img_0088.jpg,magia_y_brujas,ilustración de luna y estrella estilo plano,Pixabay
img_0089.jpg,magia_y_brujas,ilustración de poción y magia estilo plano,Pixabay
img_0090.jpg,magia_y_brujas,ilustración de caldero y magia estilo plano,Pixabay
img_0091.jpg,magia_y_brujas,ilustración de halloween y caldero estilo plano,Pixabay
img_0092.jpg,magia_y_brujas,ilustración de halloween y bruja estilo plano,Pixabay
img_0093.jpg,magia_y_brujas,ilustración de poción y halloween estilo plano,Pixabay
img_0094.jpg,magia_y_brujas,ilustración de magia estilo plano,Pixabay
img_0095.jpg,magia_y_brujas,ilustración de poción y poción estilo plano,Pixabay
img_0096.jpg,magia_y_brujas,ilustración de poción estilo plano,Pixabay
img_0097.jpg,magia_y_brujas,ilustración de magia estilo plano,Pixabay
img_0098.jpg,magia_y_brujas,ilustración de magia estilo plano,Pixabay
img_0099.jpg,magia_y_brujas,ilustración de magia estilo plano,Pixabay
img_0100.jpg,magia_y_brujas,ilustración de magia estilo plano,Pixabay
img_0101.jpg,magia_y_brujas,ilustración de halloween y halloween estilo plano,Pixabay
img_0102.jpg,magia_y_brujas,ilustración de magia y magia estilo plano,Pixabay
img_0103.jpg,magia_y_brujas,ilustración de magia estilo plano,Pixabay
img_0104.jpg,magia_y_brujas,ilustración de estrella y estrella estilo plano,Pixabay
img_0105.jpg,magia_y_brujas,ilustración de caldero y magia estilo plano,Pixabay
img_0106.jpg,magia_y_brujas,ilustración de sombrero estilo plano,Pixabay
img_0107.jpg,magia_y_brujas,ilustración de magia estilo plano,Pixabay
img_0108.jpg,magia_y_brujas,ilustración de magia estilo plano,Pixabay
img_0109.jpg,magia_y_brujas,ilustración de magia estilo plano,Pixabay
img_0110.jpg,magia_y_brujas,ilustración de magia y hechicero estilo plano,Pixabay
img_0111.jpg,magia_y_brujas,ilustración de halloween estilo plano,Pixabay
img_0112.jpg,magia_y_brujas,ilustración de sombrero estilo plano,Pixabay
img_0113.jpg,magia_y_brujas,ilustración de magia estilo plano,Pixabay
img_0114.jpg,magia_y_brujas,ilustración de magia estilo plano,Pixabay
img_0115.jpg,magia_y_brujas,ilustración de sombrero y sombrero estilo plano,Pixabay
img_0116.jpg,magia_y_brujas,ilustración de bola de cristal y magia estilo plano,Pixabay
img_0117.jpg,magia_y_brujas,ilustración de magia estilo plano,Pixabay
img_0118.jpg,magia_y_brujas,ilustración de magia estilo plano,Pixabay
img_0119.jpg,magia_y_brujas,ilustración de magia y mago estilo plano,Pixabay
img_0120.jpg,magia_y_brujas,ilustración de libro estilo plano,Pixabay
img_0121.jpg,magia_y_brujas,ilustración de estrella estilo plano,Pixabay
img_0122.jpg,magia_y_brujas,ilustración de magia estilo plano,Pixabay
img_0123.jpg,magia_y_brujas,ilustración de sombrero estilo plano,Pixabay
img_0124.jpg,magia_y_brujas,ilustración de sombrero y sombrero estilo plano,Pixabay
img_0125.jpg,magia_y_brujas,ilustración de sombrero estilo plano,Pixabay
img_0126.jpg,magia_y_brujas,ilustración de halloween estilo plano,Pixabay
img_0127.jpg,magia_y_brujas,ilustración de estrella y estrella estilo plano,Pixabay
img_0128.jpg,magia_y_brujas,ilustración de libro y libro estilo plano,Pixabay
img_0129.jpg,magia_y_brujas,ilustración de magia estilo plano,Pixabay
img_0130.jpg,magia_y_brujas,ilustración de magia y mago estilo plano,Pixabay
img_0131.jpg,magia_y_brujas,ilustración de sombrero y sombrero estilo plano,Pixabay
img_0132.jpg,magia_y_brujas,ilustración de estrella y estrella estilo plano,Pixabay
img_0133.jpg,magia_y_brujas,ilustración de sombrero estilo plano,Pixabay
img_0134.jpg,magia_y_brujas,ilustración de magia y estrella estilo plano,Pixabay
img_0135.jpg,magia_y_brujas,ilustración de sombrero y sombrero estilo plano,Pixabay
img_0136.jpg,magia_y_brujas,ilustración de magia estilo plano,Pixabay
img_0137.jpg,magia_y_brujas,ilustración de mago y sombrero estilo plano,Pixabay
img_0138.jpg,magia_y_brujas,ilustración de mago y hechicero estilo plano,Pixabay
img_0139.jpg,magia_y_brujas,ilustración de mago y sombrero estilo plano,Pixabay
img_0140.jpg,magia_y_brujas,ilustración de hechicero y mago estilo plano,Pixabay
img_0141.jpg,magia_y_brujas,ilustración de mago y magia estilo plano,Pixabay
img_0142.jpg,magia_y_brujas,ilustración de magia y mago estilo plano,Pixabay
img_0143.jpg,magia_y_brujas,ilustración de mago y hechicero estilo plano,Pixabay
img_0144.jpg,magia_y_brujas,ilustración de mago y libro estilo plano,Pixabay
img_0145.jpg,magia_y_brujas,ilustración de varita y magia estilo plano,Pixabay
img_0146.jpg,magia_y_brujas,ilustración de magia y mago estilo plano,Pixabay
img_0147.jpg,magia_y_brujas,ilustración de varita y magia estilo plano,Pixabay
img_0148.jpg,magia_y_brujas,ilustración de varita y magia estilo plano,Pixabay
img_0149.jpg,magia_y_brujas,ilustración de mago y mago estilo plano,Pixabay
img_0150.jpg,magia_y_brujas,ilustración de magia y varita estilo plano,Pixabay
img_0151.jpg,magia_y_brujas,ilustración de varita y magia estilo plano,Pixabay
img_0152.jpg,magia_y_brujas,ilustración de hechicero y bruja estilo plano,Pixabay
img_0153.jpg,magia_y_brujas,ilustración de bruja y mago estilo plano,Pixabay
img_0154.jpg,magia_y_brujas,ilustración de varita y magia estilo plano,Pixabay
img_0155.jpg,magia_y_brujas,ilustración de hechicero y mago estilo plano,Pixabay
img_0156.jpg,magia_y_brujas,ilustración de bruja y mago estilo plano,Pixabay
img_0157.jpg,magia_y_brujas,ilustración de mago y mago estilo plano,Pixabay
img_0158.jpg,magia_y_brujas,ilustración de mago y magia estilo plano,Pixabay
img_0159.jpg,magia_y_brujas,ilustración de bruja y halloween estilo plano,Pixabay
img_0160.jpg,magia_y_brujas,ilustración de sombrero y magia estilo plano,Pixabay
img_0161.jpg,magia_y_brujas,ilustración de mago y halloween estilo plano,Pixabay
img_0162.jpg,magia_y_brujas,ilustración de mago y hechicero estilo plano,Pixabay
img_0163.jpg,magia_y_brujas,ilustración de bruja y mago estilo plano,Pixabay
img_0164.jpg,magia_y_brujas,ilustración de hechicero y magia estilo plano,Pixabay
img_0165.jpg,magia_y_brujas,ilustración de magia y hechicero estilo plano,Pixabay
img_0166.jpg,magia_y_brujas,ilustración de bruja y mago estilo plano,Pixabay
img_0167.jpg,magia_y_brujas,ilustración de magia y mago estilo plano,Pixabay
img_0168.jpg,magia_y_brujas,ilustración de bruja y mago estilo plano,Pixabay
img_0169.jpg,magia_y_brujas,ilustración de magia y mago estilo plano,Pixabay
img_0170.jpg,magia_y_brujas,ilustración de mago y mago estilo plano,Pixabay
img_0171.jpg,magia_y_brujas,ilustración de luna y luna estilo plano,Pixabay
img_0172.jpg,magia_y_brujas,ilustración de escoba y magia estilo plano,Pixabay
img_0173.jpg,magia_y_brujas,ilustración de halloween y magia estilo plano,Pixabay
img_0174.jpg,magia_y_brujas,ilustración de magia estilo plano,Pixabay
img_0175.jpg,magia_y_brujas,ilustración de magia estilo plano,Pixabay
img_0176.jpg,magia_y_brujas,ilustración de magia estilo plano,Pixabay
img_0177.jpg,magia_y_brujas,ilustración de bruja y mago estilo plano,Pixabay
img_0178.jpg,magia_y_brujas,ilustración de halloween estilo plano,Pixabay
img_0179.jpg,magia_y_brujas,ilustración de magia estilo plano,Pixabay
img_0180.jpg,magia_y_brujas,ilustración de magia estilo plano,Pixabay
img_0181.jpg,magia_y_brujas,ilustración de magia estilo plano,Pixabay
img_0182.jpg,magia_y_brujas,ilustración de magia estilo plano,Pixabay
img_0183.jpg,magia_y_brujas,ilustración de magia estilo plano,Pixabay
img_0184.jpg,magia_y_brujas,ilustración de libro estilo plano,Pixabay
img_0185.jpg,magia_y_brujas,ilustración de magia estilo plano,Pixabay
img_0186.jpg,magia_y_brujas,ilustración de mago y magia estilo plano,Pixabay
img_0187.jpg,magia_y_brujas,ilustración de magia estilo plano,Pixabay
img_0188.jpg,magia_y_brujas,ilustración de mago estilo plano,Pixabay
img_0189.jpg,magia_y_brujas,ilustración de estrella estilo plano,Pixabay
img_0190.jpg,magia_y_brujas,ilustración de estrella y estrella estilo plano,Pixabay
img_0191.jpg,magia_y_brujas,ilustración de estrella y estrella estilo plano,Pixabay
img_0192.jpg,magia_y_brujas,ilustración de magia estilo plano,Pixabay
img_0193.jpg,magia_y_brujas,ilustración de libro y libro estilo plano,Pixabay
img_0194.jpg,magia_y_brujas,ilustración de magia estilo plano,Pixabay
img_0195.jpg,magia_y_brujas,ilustración de magia estilo plano,Pixabay
img_0196.jpg,magia_y_brujas,ilustración de sombrero estilo plano,Pixabay
img_0197.jpg,magia_y_brujas,ilustración de halloween y halloween estilo plano,Pixabay
img_0198.jpg,magia_y_brujas,ilustración de halloween y halloween estilo plano,Pixabay
img_0199.jpg,magia_y_brujas,ilustración de halloween y halloween estilo plano,Pixabay
img_0200.jpg,magia_y_brujas,ilustración de halloween y halloween estilo plano,Pixabay
img_0201.jpg,magia_y_brujas,ilustración de libro y libro estilo plano,Pixabay
img_0202.jpg,magia_y_brujas,ilustración de sombrero estilo plano,Pixabay
img_0203.jpg,magia_y_brujas,ilustración de estrella estilo plano,Pixabay
img_0204.jpg,magia_y_brujas,ilustración de halloween y halloween estilo plano,Pixabay
img_0205.jpg,magia_y_brujas,ilustración de halloween y halloween estilo plano,Pixabay
img_0206.jpg,magia_y_brujas,ilustración de magia estilo plano,Pixabay
img_0207.jpg,magia_y_brujas,ilustración de halloween y halloween estilo plano,Pixabay
img_0208.jpg,magia_y_brujas,ilustración de halloween y halloween estilo plano,Pixabay
img_0209.jpg,magia_y_brujas,ilustración de halloween y halloween estilo plano,Pixabay
img_0210.jpg,magia_y_brujas,ilustración de libro estilo plano,Pixabay
img_0211.jpg,magia_y_brujas,ilustración de halloween estilo plano,Pixabay
img_0212.jpg,magia_y_brujas,ilustración de magia estilo plano,Pixabay
img_0213.jpg,magia_y_brujas,ilustración de magia estilo plano,Pixabay
img_0214.jpg,magia_y_brujas,ilustración de luna y luna estilo plano,Pixabay
img_0215.jpg,magia_y_brujas,ilustración de estrella estilo plano,Pixabay
img_0216.jpg,magia_y_brujas,ilustración de halloween y halloween estilo plano,Pixabay
img_0217.jpg,magia_y_brujas,ilustración de sombrero estilo plano,Pixabay
img_0218.jpg,magia_y_brujas,ilustración de bruja y halloween estilo plano,Pixabay
img_0219.jpg,magia_y_brujas,ilustración de magia estilo plano,Pixabay
img_0220.jpg,magia_y_brujas,ilustración de bruja y halloween estilo plano,Pixabay
img_0221.jpg,magia_y_brujas,ilustración de magia estilo plano,Pixabay
img_0222.jpg,magia_y_brujas,ilustración de estrella y estrella estilo plano,Pixabay
img_0223.jpg,magia_y_brujas,ilustración de caldero y bruja estilo plano,Pixabay
img_0224.jpg,magia_y_brujas,ilustración de caldero y magia estilo plano,Pixabay
img_0225.jpg,magia_y_brujas,ilustración de halloween y bruja estilo plano,Pixabay
img_0226.jpg,magia_y_brujas,ilustración de caldero y caldero estilo plano,Pixabay
img_0227.jpg,magia_y_brujas,ilustración de caldero y halloween estilo plano,Pixabay
img_0228.jpg,magia_y_brujas,ilustración de magia estilo plano,Pixabay
img_0229.jpg,magia_y_brujas,ilustración de bruja y halloween estilo plano,Pixabay
img_0230.jpg,magia_y_brujas,ilustración de halloween y luna estilo plano,Pixabay
img_0231.jpg,magia_y_brujas,ilustración de sombrero y bruja estilo plano,Pixabay
img_0232.jpg,magia_y_brujas,ilustración de bruja y hechizo estilo plano,Pixabay
img_0233.jpg,magia_y_brujas,ilustración de halloween y bruja estilo plano,Pixabay
img_0234.jpg,magia_y_brujas,ilustración de halloween y bruja estilo plano,Pixabay
img_0235.jpg,magia_y_brujas,ilustración de bruja y halloween estilo plano,Pixabay
img_0236.jpg,magia_y_brujas,ilustración de bruja y magia estilo plano,Pixabay
img_0237.jpg,magia_y_brujas,ilustración de halloween y bruja estilo plano,Pixabay
img_0238.jpg,magia_y_brujas,ilustración de bruja y halloween estilo plano,Pixabay
img_0239.jpg,magia_y_brujas,ilustración de bruja estilo plano,Pixabay
img_0240.jpg,magia_y_brujas,ilustración de bruja y magia estilo plano,Pixabay
img_0241.jpg,magia_y_brujas,ilustración de escoba y halloween estilo plano,Pixabay
img_0242.jpg,magia_y_brujas,ilustración de bruja y halloween estilo plano,Pixabay
img_0243.jpg,magia_y_brujas,ilustración de bruja y halloween estilo plano,Pixabay
img_0244.jpg,magia_y_brujas,ilustración de bruja y halloween estilo plano,Pixabay
img_0245.jpg,magia_y_brujas,ilustración de bruja y magia estilo plano,Pixabay
img_0246.jpg,magia_y_brujas,ilustración de bruja y sombrero estilo plano,Pixabay
img_0247.jpg,magia_y_brujas,ilustración de bruja y halloween estilo plano,Pixabay
img_0248.jpg,magia_y_brujas,ilustración de bruja y magia estilo plano,Pixabay
img_0249.jpg,magia_y_brujas,ilustración de escoba y bruja estilo plano,Pixabay
img_0250.jpg,magia_y_brujas,ilustración de bruja y escoba estilo plano,Pixabay
img_0251.jpg,magia_y_brujas,ilustración de halloween y halloween estilo plano,Pixabay
img_0252.jpg,magia_y_brujas,ilustración de halloween y bruja estilo plano,Pixabay
img_0253.jpg,magia_y_brujas,ilustración de bruja y escoba estilo plano,Pixabay
img_0254.jpg,magia_y_brujas,ilustración de bruja y magia estilo plano,Pixabay
img_0255.jpg,magia_y_brujas,ilustración de bruja y escoba estilo plano,Pixabay
img_0256.jpg,magia_y_brujas,ilustración de bruja y halloween estilo plano,Pixabay
img_0257.jpg,magia_y_brujas,ilustración de halloween estilo plano,Pixabay
img_0258.jpg,magia_y_brujas,ilustración de escoba y halloween estilo plano,Pixabay
img_0259.jpg,magia_y_brujas,ilustración de bruja y halloween estilo plano,Pixabay
img_0260.jpg,magia_y_brujas,ilustración de bruja y escoba estilo plano,Pixabay
img_0261.jpg,magia_y_brujas,ilustración de bruja y halloween estilo plano,Pixabay
img_0262.jpg,magia_y_brujas,ilustración de halloween y noche estilo plano,Pixabay
img_0263.jpg,magia_y_brujas,ilustración de escoba y halloween estilo plano,Pixabay
img_0264.jpg,magia_y_brujas,ilustración de halloween y magia estilo plano,Pixabay
img_0265.jpg,magia_y_brujas,ilustración de halloween y bruja estilo plano,Pixabay
img_0266.jpg,magia_y_brujas,ilustración de bruja y halloween estilo plano,Pixabay
img_0267.jpg,magia_y_brujas,ilustración de halloween y halloween estilo plano,Pixabay
img_0268.jpg,magia_y_brujas,ilustración de halloween y halloween estilo plano,Pixabay
img_0269.jpg,magia_y_brujas,ilustración de halloween y halloween estilo plano,Pixabay
img_0270.jpg,magia_y_brujas,ilustración de halloween estilo plano,Pixabay
img_0271.jpg,magia_y_brujas,ilustración de halloween y halloween estilo plano,Pixabay
img_0272.jpg,magia_y_brujas,ilustración de halloween estilo plano,Pixabay
img_0273.jpg,magia_y_brujas,ilustración de halloween y bruja estilo plano,Pixabay
img_0274.jpg,magia_y_brujas,ilustración de halloween estilo plano,Pixabay
img_0275.jpg,magia_y_brujas,ilustración de halloween estilo plano,Pixabay
img_0276.jpg,magia_y_brujas,ilustración de halloween y halloween estilo plano,Pixabay
img_0277.jpg,magia_y_brujas,ilustración de halloween y halloween estilo plano,Pixabay
img_0278.jpg,magia_y_brujas,ilustración de halloween y halloween estilo plano,Pixabay
img_0279.jpg,magia_y_brujas,ilustración de halloween y halloween estilo plano,Pixabay
img_0280.jpg,magia_y_brujas,ilustración de halloween y halloween estilo plano,Pixabay
img_0281.jpg,magia_y_brujas,ilustración de halloween y halloween estilo plano,Pixabay
img_0282.jpg,magia_y_brujas,ilustración de halloween y halloween estilo plano,Pixabay
img_0283.jpg,magia_y_brujas,ilustración de halloween y halloween estilo plano,Pixabay
img_0284.jpg,magia_y_brujas,ilustración de escoba y bruja estilo plano,Pixabay
img_0285.jpg,magia_y_brujas,ilustración de halloween estilo plano,Pixabay
img_0286.jpg,magia_y_brujas,ilustración de halloween estilo plano,Pixabay
img_0287.jpg,magia_y_brujas,ilustración de halloween y halloween estilo plano,Pixabay
img_0288.jpg,magia_y_brujas,ilustración de halloween estilo plano,Pixabay
img_0289.jpg,magia_y_brujas,ilustración de halloween y halloween estilo plano,Pixabay
img_0290.jpg,magia_y_brujas,ilustración de halloween y sombrero estilo plano,Pixabay
img_0291.jpg,magia_y_brujas,ilustración de bruja y halloween estilo plano,Pixabay
img_0292.jpg,magia_y_brujas,ilustración de halloween y halloween estilo plano,Pixabay
img_0293.jpg,magia_y_brujas,ilustración de bruja y halloween estilo plano,Pixabay
img_0294.jpg,magia_y_brujas,ilustración de halloween estilo plano,Pixabay
img_0295.jpg,magia_y_brujas,ilustración de halloween estilo plano,Pixabay
img_0296.jpg,magia_y_brujas,ilustración de halloween y halloween estilo plano,Pixabay
img_0297.jpg,magia_y_brujas,ilustración de bruja y escoba estilo plano,Pixabay
img_0298.jpg,magia_y_brujas,ilustración de halloween y halloween estilo plano,Pixabay
img_0299.jpg,magia_y_brujas,ilustración de halloween estilo plano,Pixabay
img_0300.jpg,magia_y_brujas,ilustración de halloween y halloween estilo plano,Pixabay
img_0301.jpg,magia_y_brujas,ilustración de halloween y halloween estilo plano,Pixabay
img_0302.jpg,magia_y_brujas,ilustración de halloween y halloween estilo plano,Pixabay
img_0303.jpg,magia_y_brujas,ilustración de halloween estilo plano,Pixabay
img_0304.jpg,magia_y_brujas,ilustración de halloween y halloween estilo plano,Pixabay
img_0305.jpg,magia_y_brujas,ilustración de halloween y halloween estilo plano,Pixabay
img_0306.jpg,magia_y_brujas,ilustración de halloween y halloween estilo plano,Pixabay
img_0307.jpg,magia_y_brujas,ilustración de halloween y luna estilo plano,Pixabay
img_0308.jpg,magia_y_brujas,ilustración de halloween estilo plano,Pixabay
img_0309.jpg,magia_y_brujas,ilustración de halloween estilo plano,Pixabay
img_0310.jpg,magia_y_brujas,ilustración de halloween y halloween estilo plano,Pixabay
img_0311.jpg,magia_y_brujas,ilustración de halloween estilo plano,Pixabay
img_0312.jpg,magia_y_brujas,ilustración de halloween estilo plano,Pixabay
img_0313.jpg,magia_y_brujas,ilustración de halloween estilo plano,Pixabay
img_0314.jpg,magia_y_brujas,ilustración de halloween estilo plano,Pixabay
img_0315.jpg,magia_y_brujas,ilustración de halloween y halloween estilo plano,Pixabay
img_0316.jpg,magia_y_brujas,ilustración de sombrero y halloween estilo plano,Pixabay
img_0317.jpg,magia_y_brujas,ilustración de varita y magia estilo plano,Pixabay
img_0318.jpg,magia_y_brujas,ilustración de magia estilo plano,Pixabay
img_0319.jpg,magia_y_brujas,ilustración de magia estilo plano,Pixabay
img_0320.jpg,magia_y_brujas,ilustración de varita y mago estilo plano,Pixabay
img_0321.jpg,magia_y_brujas,ilustración de sombrero y varita estilo plano,Pixabay
img_0322.jpg,magia_y_brujas,ilustración de varita y magia estilo plano,Pixabay
img_0323.jpg,magia_y_brujas,ilustración de magia y varita estilo plano,Pixabay
img_0324.jpg,magia_y_brujas,ilustración de varita y mago estilo plano,Pixabay
img_0325.jpg,magia_y_brujas,ilustración de varita estilo plano,Pixabay
img_0326.jpg,magia_y_brujas,ilustración de varita estilo plano,Pixabay
img_0327.jpg,magia_y_brujas,ilustración de magia y varita estilo plano,Pixabay
img_0328.jpg,magia_y_brujas,ilustración de magia y sombrero estilo plano,Pixabay
img_0329.jpg,magia_y_brujas,ilustración de estrella estilo plano,Pixabay
img_0330.jpg,magia_y_brujas,ilustración de magia estilo plano,Pixabay
img_0331.jpg,magia_y_brujas,ilustración de magia estilo plano,Pixabay
img_0332.jpg,magia_y_brujas,ilustración de magia y halloween estilo plano,Pixabay
img_0333.jpg,magia_y_brujas,ilustración de magia estilo plano,Pixabay
img_0334.jpg,magia_y_brujas,ilustración de magia y hechicero estilo plano,Pixabay
img_0335.jpg,magia_y_brujas,ilustración de magia y hechicero estilo plano,Pixabay
img_0336.jpg,magia_y_brujas,ilustración de magia y mago estilo plano,Pixabay
img_0337.jpg,magia_y_brujas,ilustración de varita y mago estilo plano,Pixabay
img_0338.jpg,magia_y_brujas,ilustración de magia estilo plano,Pixabay
img_0339.jpg,magia_y_brujas,ilustración de magia estilo plano,Pixabay
img_0340.jpg,magia_y_brujas,ilustración de magia estilo plano,Pixabay
img_0341.jpg,magia_y_brujas,ilustración de magia y magia estilo plano,Pixabay
img_0342.jpg,magia_y_brujas,ilustración de sombrero estilo plano,Pixabay
img_0343.jpg,magia_y_brujas,ilustración de sombrero estilo plano,Pixabay
img_0344.jpg,magia_y_brujas,ilustración de magia estilo plano,Pixabay
img_0345.jpg,magia_y_brujas,ilustración de sombrero y sombrero estilo plano,Pixabay
img_0346.jpg,magia_y_brujas,ilustración de magia y sombrero estilo plano,Pixabay
img_0347.jpg,magia_y_brujas,ilustración de sombrero estilo plano,Pixabay
img_0348.jpg,magia_y_brujas,ilustración de sombrero estilo plano,Pixabay
img_0349.jpg,magia_y_brujas,ilustración de sombrero estilo plano,Pixabay
img_0350.jpg,magia_y_brujas,ilustración de magia estilo plano,Pixabay
img_0351.jpg,magia_y_brujas,ilustración de sombrero estilo plano,Pixabay
img_0352.jpg,magia_y_brujas,ilustración de sombrero estilo plano,Pixabay
img_0353.jpg,magia_y_brujas,ilustración de magia estilo plano,Pixabay
img_0354.jpg,magia_y_brujas,ilustración de magia estilo plano,Pixabay
img_0355.jpg,magia_y_brujas,ilustración de sombrero estilo plano,Pixabay
img_0356.jpg,magia_y_brujas,ilustración de sombrero y sombrero estilo plano,Pixabay
img_0357.jpg,magia_y_brujas,ilustración de magia estilo plano,Pixabay
img_0358.jpg,magia_y_brujas,ilustración de sombrero estilo plano,Pixabay
img_0359.jpg,magia_y_brujas,ilustración de sombrero estilo plano,Pixabay
img_0360.jpg,magia_y_brujas,ilustración de sombrero estilo plano,Pixabay
img_0361.jpg,magia_y_brujas,ilustración de sombrero estilo plano,Pixabay
img_0362.jpg,magia_y_brujas,ilustración de sombrero y sombrero estilo plano,Pixabay
img_0363.jpg,magia_y_brujas,ilustración de estrella estilo plano,Pixabay
img_0364.jpg,magia_y_brujas,ilustración de sombrero estilo plano,Pixabay
img_0365.jpg,magia_y_brujas,ilustración de sombrero y sombrero estilo plano,Pixabay
img_0366.jpg,magia_y_brujas,ilustración de sombrero estilo plano,Pixabay
img_0367.jpg,magia_y_brujas,ilustración de sombrero y sombrero estilo plano,Pixabay
img_0368.jpg,magia_y_brujas,ilustración de sombrero estilo plano,Pixabay
img_0369.jpg,magia_y_brujas,ilustración de magia estilo plano,Pixabay
img_0370.jpg,magia_y_brujas,ilustración de magia estilo plano,Pixabay
img_0371.jpg,magia_y_brujas,ilustración de sombrero estilo plano,Pixabay
img_0372.jpg,magia_y_brujas,ilustración de magia estilo plano,Pixabay
img_0373.jpg,magia_y_brujas,ilustración de sombrero y sombrero estilo plano,Pixabay
img_0374.jpg,magia_y_brujas,ilustración de sombrero y sombrero estilo plano,Pixabay
img_0375.jpg,magia_y_brujas,ilustración de sombrero estilo plano,Pixabay
img_0376.jpg,magia_y_brujas,ilustración de sombrero estilo plano,Pixabay
img_0377.jpg,magia_y_brujas,ilustración de magia estilo plano,Pixabay
img_0378.jpg,magia_y_brujas,ilustración de sombrero estilo plano,Pixabay
img_0379.jpg,magia_y_brujas,ilustración de sombrero estilo plano,Pixabay
img_0380.jpg,magia_y_brujas,ilustración de sombrero estilo plano,Pixabay
img_0381.jpg,magia_y_brujas,ilustración de sombrero estilo plano,Pixabay
img_0382.jpg,magia_y_brujas,ilustración de sombrero estilo plano,Pixabay
img_0383.jpg,magia_y_brujas,ilustración de sombrero estilo plano,Pixabay
img_0384.jpg,magia_y_brujas,ilustración de magia estilo plano,Pixabay
img_0385.jpg,magia_y_brujas,ilustración de sombrero estilo plano,Pixabay
img_0386.jpg,magia_y_brujas,ilustración de sombrero estilo plano,Pixabay
img_0387.jpg,magia_y_brujas,ilustración de sombrero estilo plano,Pixabay
img_0388.jpg,magia_y_brujas,ilustración de sombrero estilo plano,Pixabay
img_0389.jpg,magia_y_brujas,ilustración de magia estilo plano,Pixabay
img_0390.jpg,magia_y_brujas,ilustración de sombrero estilo plano,Pixabay
img_0391.jpg,magia_y_brujas,ilustración de sombrero y sombrero estilo plano,Pixabay
img_0392.jpg,magia_y_brujas,ilustración de sombrero estilo plano,Pixabay
img_0393.jpg,magia_y_brujas,ilustración de sombrero estilo plano,Pixabay
img_0394.jpg,magia_y_brujas,ilustración de sombrero y sombrero estilo plano,Pixabay
img_0395.jpg,magia_y_brujas,ilustración de sombrero y sombrero estilo plano,Pixabay
img_0396.jpg,magia_y_brujas,ilustración de sombrero estilo plano,Pixabay
img_0397.jpg,magia_y_brujas,ilustración de sombrero estilo plano,Pixabay
img_0398.jpg,magia_y_brujas,ilustración de sombrero estilo plano,Pixabay
img_0399.jpg,magia_y_brujas,ilustración de sombrero y sombrero estilo plano,Pixabay
img_0400.jpg,magia_y_brujas,ilustración de sombrero estilo plano,Pixabay
img_0401.jpg,magia_y_brujas,ilustración de sombrero y sombrero estilo plano,Pixabay
img_0402.jpg,magia_y_brujas,ilustración de sombrero y sombrero estilo plano,Pixabay
img_0403.jpg,magia_y_brujas,ilustración de sombrero estilo plano,Pixabay
img_0404.jpg,magia_y_brujas,ilustración de sombrero estilo plano,Pixabay
img_0405.jpg,magia_y_brujas,ilustración de sombrero estilo plano,Pixabay
img_0406.jpg,magia_y_brujas,ilustración de sombrero y sombrero estilo plano,Pixabay
img_0407.jpg,magia_y_brujas,ilustración de sombrero y sombrero estilo plano,Pixabay
img_0408.jpg,magia_y_brujas,ilustración de magia estilo plano,Pixabay
img_0409.jpg,magia_y_brujas,ilustración de sombrero estilo plano,Pixabay
img_0410.jpg,magia_y_brujas,ilustración de sombrero y sombrero estilo plano,Pixabay
img_0411.jpg,magia_y_brujas,ilustración de magia estilo plano,Pixabay
img_0412.jpg,magia_y_brujas,ilustración de sombrero estilo plano,Pixabay
img_0413.jpg,magia_y_brujas,ilustración de magia estilo plano,Pixabay
img_0414.jpg,magia_y_brujas,ilustración de sombrero estilo plano,Pixabay
img_0415.jpg,magia_y_brujas,ilustración de sombrero y sombrero estilo plano,Pixabay
img_0416.jpg,magia_y_brujas,ilustración de sombrero estilo plano,Pixabay
img_0417.jpg,magia_y_brujas,ilustración de sombrero estilo plano,Pixabay
img_0418.jpg,magia_y_brujas,ilustración de sombrero estilo plano,Pixabay
img_0419.jpg,magia_y_brujas,ilustración de sombrero estilo plano,Pixabay
img_0420.jpg,magia_y_brujas,ilustración de sombrero estilo plano,Pixabay
img_0421.jpg,magia_y_brujas,ilustración de sombrero estilo plano,Pixabay
img_0422.jpg,magia_y_brujas,ilustración de sombrero estilo plano,Pixabay
img_0423.jpg,magia_y_brujas,ilustración de sombrero y sombrero estilo plano,Pixabay
img_0424.jpg,magia_y_brujas,ilustración de magia estilo plano,Pixabay
img_0425.jpg,magia_y_brujas,ilustración de sombrero estilo plano,Pixabay
img_0426.jpg,magia_y_brujas,ilustración de sombrero estilo plano,Pixabay
img_0427.jpg,magia_y_brujas,ilustración de sombrero y sombrero estilo plano,Pixabay
img_0428.jpg,magia_y_brujas,ilustración de sombrero estilo plano,Pixabay
img_0429.jpg,magia_y_brujas,ilustración de magia estilo plano,Pixabay
img_0430.jpg,magia_y_brujas,ilustración de sombrero estilo plano,Pixabay
img_0431.jpg,magia_y_brujas,ilustración de sombrero estilo plano,Pixabay
img_0432.jpg,magia_y_brujas,ilustración de sombrero estilo plano,Pixabay
img_0433.jpg,magia_y_brujas,ilustración de sombrero estilo plano,Pixabay
img_0434.jpg,magia_y_brujas,ilustración de sombrero y sombrero estilo plano,Pixabay
img_0435.jpg,magia_y_brujas,ilustración de sombrero estilo plano,Pixabay
img_0436.jpg,magia_y_brujas,ilustración de sombrero y sombrero estilo plano,Pixabay
img_0437.jpg,magia_y_brujas,ilustración de magia estilo plano,Pixabay
img_0438.jpg,magia_y_brujas,ilustración de halloween estilo plano,Pixabay
img_0439.jpg,magia_y_brujas,ilustración de magia estilo plano,Pixabay
img_0440.jpg,magia_y_brujas,ilustración de estrella y estrella estilo plano,Pixabay
img_0441.jpg,magia_y_brujas,ilustración de halloween estilo plano,Pixabay
img_0442.jpg,magia_y_brujas,ilustración de magia estilo plano,Pixabay
img_0443.jpg,magia_y_brujas,ilustración de gato negro y gato negro estilo plano,Pixabay
img_0444.jpg,magia_y_brujas,ilustración de magia estilo plano,Pixabay
img_0445.jpg,magia_y_brujas,ilustración de bruja y magia estilo plano,Pixabay
img_0446.jpg,magia_y_brujas,ilustración de brujería y bruja estilo plano,Pixabay
img_0447.jpg,magia_y_brujas,ilustración de bruja y mago estilo plano,Pixabay
img_0448.jpg,magia_y_brujas,ilustración de magia estilo plano,Pixabay
img_0449.jpg,magia_y_brujas,ilustración de magia estilo plano,Pixabay
img_0450.jpg,magia_y_brujas,ilustración de poción y caldero estilo plano,Pixabay
img_0451.jpg,magia_y_brujas,ilustración de bruja y sombrero estilo plano,Pixabay
img_0452.jpg,magia_y_brujas,ilustración de bruja y mago estilo plano,Pixabay
img_0453.jpg,magia_y_brujas,ilustración de magia estilo plano,Pixabay
img_0454.jpg,magia_y_brujas,ilustración de bruja y brujería estilo plano,Pixabay
img_0455.jpg,magia_y_brujas,ilustración de bruja y brujería estilo plano,Pixabay
img_0456.jpg,magia_y_brujas,ilustración de magia estilo plano,Pixabay
img_0457.jpg,magia_y_brujas,ilustración de bruja y brujería estilo plano,Pixabay
img_0458.jpg,magia_y_brujas,ilustración de bruja y brujería estilo plano,Pixabay
img_0459.jpg,magia_y_brujas,ilustración de brujería y bruja estilo plano,Pixabay
img_0460.jpg,magia_y_brujas,ilustración de magia estilo plano,Pixabay
img_0461.jpg,magia_y_brujas,ilustración de sombrero estilo plano,Pixabay
img_0462.jpg,magia_y_brujas,ilustración de bruja y brujería estilo plano,Pixabay
img_0463.jpg,magia_y_brujas,ilustración de caldero y bruja estilo plano,Pixabay
img_0464.jpg,magia_y_brujas,ilustración de bruja y magia estilo plano,Pixabay
img_0465.jpg,magia_y_brujas,ilustración de bruja y brujería estilo plano,Pixabay
img_0466.jpg,magia_y_brujas,ilustración de magia estilo plano,Pixabay
img_0467.jpg,magia_y_brujas,ilustración de bruja y brujería estilo plano,Pixabay
img_0468.jpg,magia_y_brujas,ilustración de caldero y magia estilo plano,Pixabay
img_0469.jpg,magia_y_brujas,ilustración de magia estilo plano,Pixabay
img_0470.jpg,magia_y_brujas,ilustración de sombrero y magia estilo plano,Pixabay
img_0471.jpg,magia_y_brujas,ilustración de magia y bruja estilo plano,Pixabay
img_0472.jpg,magia_y_brujas,ilustración de bruja y escoba estilo plano,Pixabay
img_0473.jpg,magia_y_brujas,ilustración de magia estilo plano,Pixabay
img_0474.jpg,magia_y_brujas,ilustración de magia estilo plano,Pixabay
img_0475.jpg,magia_y_brujas,ilustración de bruja y magia estilo plano,Pixabay
img_0476.jpg,magia_y_brujas,ilustración de bruja y sombrero estilo plano,Pixabay
img_0477.jpg,magia_y_brujas,ilustración de magia estilo plano,Pixabay
img_0478.jpg,magia_y_brujas,ilustración de varita y mago estilo plano,Pixabay
img_0479.jpg,magia_y_brujas,ilustración de bruja y brujería estilo plano,Pixabay
img_0480.jpg,magia_y_brujas,ilustración de bruja estilo plano,Pixabay
img_0481.jpg,magia_y_brujas,ilustración de magia estilo plano,Pixabay
img_0482.jpg,magia_y_brujas,ilustración de caldero y brujería estilo plano,Pixabay
img_0483.jpg,magia_y_brujas,ilustración de magia y brujería estilo plano,Pixabay
img_0484.jpg,magia_y_brujas,ilustración de magia estilo plano,Pixabay
img_0485.jpg,magia_y_brujas,ilustración de bruja y brujería estilo plano,Pixabay
img_0486.jpg,magia_y_brujas,ilustración de bruja y brujería estilo plano,Pixabay
img_0487.jpg,magia_y_brujas,ilustración de magia estilo plano,Pixabay
img_0488.jpg,magia_y_brujas,ilustración de bruja y escoba estilo plano,Pixabay
img_0489.jpg,magia_y_brujas,ilustración de caldero estilo plano,Pixabay
img_0490.jpg,magia_y_brujas,ilustración de bruja y escoba estilo plano,Pixabay
img_0491.jpg,magia_y_brujas,ilustración de magia estilo plano,Pixabay
img_0492.jpg,magia_y_brujas,ilustración de escoba y magia estilo plano,Pixabay
img_0493.jpg,magia_y_brujas,ilustración de magia estilo plano,Pixabay
img_0494.jpg,magia_y_brujas,ilustración de bruja y brujería estilo plano,Pixabay
img_0495.jpg,magia_y_brujas,ilustración de magia estilo plano,Pixabay
img_0496.jpg,magia_y_brujas,ilustración de bruja y magia estilo plano,Pixabay
img_0497.jpg,magia_y_brujas,ilustración de fantasía estilo plano,Pixabay
img_0498.jpg,magia_y_brujas,ilustración de sombrero estilo plano,Pixabay
img_0499.jpg,magia_y_brujas,ilustración de magia estilo plano,Pixabay
img_0500.jpg,magia_y_brujas,ilustración de magia y mago estilo plano,Pixabay
img_0501.jpg,magia_y_brujas,ilustración de magia estilo plano,Pixabay
img_0502.jpg,magia_y_brujas,ilustración de bruja y magia estilo plano,Pixabay
img_0503.jpg,magia_y_brujas,ilustración de magia estilo plano,Pixabay
img_0504.jpg,magia_y_brujas,ilustración de magia y ocultismo estilo plano,Pixabay
img_0505.jpg,magia_y_brujas,ilustración de sombrero estilo plano,Pixabay
img_0506.jpg,magia_y_brujas,ilustración de magia estilo plano,Pixabay
img_0507.jpg,magia_y_brujas,ilustración de magia estilo plano,Pixabay
img_0508.jpg,magia_y_brujas,ilustración de magia estilo plano,Pixabay
img_0509.jpg,magia_y_brujas,ilustración de magia estilo plano,Pixabay
img_0510.jpg,magia_y_brujas,ilustración de magia estilo plano,Pixabay
img_0511.jpg,magia_y_brujas,ilustración de magia estilo plano,Pixabay
img_0512.jpg,magia_y_brujas,ilustración de bruja y fantasía estilo plano,Pixabay
img_0513.jpg,magia_y_brujas,ilustración de fantasía estilo plano,Pixabay
img_0514.jpg,magia_y_brujas,ilustración de varita y magia estilo plano,Pixabay
img_0515.jpg,magia_y_brujas,ilustración de magia estilo plano,Pixabay
img_0516.jpg,magia_y_brujas,ilustración de sombrero estilo plano,Pixabay
img_0517.jpg,magia_y_brujas,ilustración de bruja y magia estilo plano,Pixabay
img_0518.jpg,magia_y_brujas,ilustración de bruja estilo plano,Pixabay
img_0519.jpg,magia_y_brujas,ilustración de libro de hechizos estilo plano,Pixabay
img_0520.jpg,magia_y_brujas,ilustración de magia estilo plano,Pixabay
img_0521.jpg,magia_y_brujas,ilustración de magia estilo plano,Pixabay
img_0522.jpg,magia_y_brujas,ilustración de magia estilo plano,Pixabay
img_0523.jpg,magia_y_brujas,ilustración de sombrero estilo plano,Pixabay
img_0524.jpg,magia_y_brujas,ilustración de magia estilo plano,Pixabay
img_0525.jpg,magia_y_brujas,ilustración de magia estilo plano,Pixabay
img_0526.jpg,magia_y_brujas,ilustración de fantasía estilo plano,Pixabay
img_0527.jpg,magia_y_brujas,ilustración de libro de hechizos estilo plano,Pixabay
img_0528.jpg,magia_y_brujas,ilustración de magia estilo plano,Pixabay
img_0529.jpg,magia_y_brujas,ilustración de magia estilo plano,Pixabay
img_0530.jpg,magia_y_brujas,ilustración de fantasía estilo plano,Pixabay
img_0531.jpg,magia_y_brujas,ilustración de magia estilo plano,Pixabay
img_0532.jpg,magia_y_brujas,ilustración de sombrero estilo plano,Pixabay
img_0533.jpg,magia_y_brujas,ilustración de fantasía estilo plano,Pixabay
img_0534.jpg,magia_y_brujas,ilustración de bruja y magia estilo plano,Pixabay
img_0535.jpg,magia_y_brujas,ilustración de magia estilo plano,Pixabay
img_0536.jpg,magia_y_brujas,ilustración de fantasía estilo plano,Pixabay
img_0537.jpg,magia_y_brujas,ilustración de bruja y magia estilo plano,Pixabay
img_0538.jpg,magia_y_brujas,ilustración de magia estilo plano,Pixabay
img_0539.jpg,magia_y_brujas,ilustración de bruja estilo plano,Pixabay
img_0540.jpg,magia_y_brujas,ilustración de sombrero y bruja estilo plano,Pixabay
img_0541.jpg,magia_y_brujas,ilustración de sombrero y bruja estilo plano,Pixabay
img_0542.jpg,magia_y_brujas,ilustración de fantasía y magia estilo plano,Pixabay
img_0543.jpg,magia_y_brujas,ilustración de caldero y magia estilo plano,Pixabay
img_0544.jpg,magia_y_brujas,ilustración de hechicero y mago estilo plano,Pixabay
img_0545.jpg,magia_y_brujas,ilustración de magia y fantasía estilo plano,Pixabay
img_0546.jpg,magia_y_brujas,ilustración de magia y fantasía estilo plano,Pixabay
img_0547.jpg,magia_y_brujas,ilustración de mago y fantasía estilo plano,Pixabay
img_0548.jpg,magia_y_brujas,ilustración de bruja y magia estilo plano,Pixabay
img_0549.jpg,magia_y_brujas,ilustración de varita y magia estilo plano,Pixabay
img_0550.jpg,magia_y_brujas,ilustración de magia y bruja estilo plano,Pixabay
img_0551.jpg,magia_y_brujas,ilustración de fantasía y magia estilo plano,Pixabay
img_0552.jpg,magia_y_brujas,ilustración de fantasía y magia estilo plano,Pixabay
img_0553.jpg,magia_y_brujas,ilustración de bruja y magia estilo plano,Pixabay
img_0554.jpg,magia_y_brujas,ilustración de bruja y magia estilo plano,Pixabay
img_0555.jpg,magia_y_brujas,ilustración de magia y varita estilo plano,Pixabay
img_0556.jpg,magia_y_brujas,ilustración de magia y bruja estilo plano,Pixabay
img_0557.jpg,magia_y_brujas,ilustración de bruja y magia estilo plano,Pixabay
img_0558.jpg,magia_y_brujas,ilustración de magia estilo plano,Pixabay
img_0559.jpg,magia_y_brujas,ilustración de bruja y magia estilo plano,Pixabay
img_0560.jpg,magia_y_brujas,ilustración de sombrero y bruja estilo plano,Pixabay
img_0561.jpg,magia_y_brujas,ilustración de bruja y escoba estilo plano,Pixabay
img_0562.jpg,magia_y_brujas,ilustración de mago y magia estilo plano,Pixabay
img_0563.jpg,magia_y_brujas,ilustración de bruja y mago estilo plano,Pixabay
img_0564.jpg,magia_y_brujas,ilustración de magia y fantasía estilo plano,Pixabay
img_0565.jpg,magia_y_brujas,ilustración de bruja y magia estilo plano,Pixabay
img_0566.jpg,magia_y_brujas,ilustración de escoba y magia estilo plano,Pixabay
img_0567.jpg,magia_y_brujas,ilustración de magia estilo plano,Pixabay
img_0568.jpg,magia_y_brujas,ilustración de caldero y poción estilo plano,Pixabay
img_0569.jpg,magia_y_brujas,ilustración de bruja y escoba estilo plano,Pixabay
img_0570.jpg,magia_y_brujas,ilustración de magia estilo plano,Pixabay
img_0571.jpg,magia_y_brujas,ilustración de bruja y magia estilo plano,Pixabay
img_0572.jpg,magia_y_brujas,ilustración de bruja y magia estilo plano,Pixabay
img_0573.jpg,magia_y_brujas,ilustración de bruja y sombrero estilo plano,Pixabay
img_0574.jpg,magia_y_brujas,ilustración de hechicero y magia estilo plano,Pixabay
img_0575.jpg,magia_y_brujas,ilustración de mago y sombrero estilo plano,Pixabay
img_0576.jpg,magia_y_brujas,ilustración de ilusionista y magia estilo plano,Pixabay
img_0577.jpg,magia_y_brujas,ilustración de fantasía y magia estilo plano,Pixabay
img_0578.jpg,magia_y_brujas,ilustración de magia estilo plano,Pixabay
img_0579.jpg,magia_y_brujas,ilustración de magia estilo plano,Pixabay
img_0580.jpg,magia_y_brujas,ilustración de bruja y magia estilo plano,Pixabay
img_0581.jpg,magia_y_brujas,ilustración de fantasía y magia estilo plano,Pixabay
img_0582.jpg,magia_y_brujas,ilustración de magia estilo plano,Pixabay
img_0583.jpg,magia_y_brujas,ilustración de mago estilo plano,Pixabay
img_0584.jpg,magia_y_brujas,ilustración de magia estilo plano,Pixabay
img_0585.jpg,magia_y_brujas,ilustración de caldero y magia estilo plano,Pixabay
img_0586.jpg,magia_y_brujas,ilustración de magia estilo plano,Pixabay
img_0587.jpg,magia_y_brujas,ilustración de magia estilo plano,Pixabay
img_0588.jpg,magia_y_brujas,ilustración de sombrero estilo plano,Pixabay
img_0589.jpg,magia_y_brujas,ilustración de escoba y magia estilo plano,Pixabay
img_0590.jpg,magia_y_brujas,ilustración de magia estilo plano,Pixabay
img_0591.jpg,magia_y_brujas,ilustración de bruja y magia estilo plano,Pixabay
img_0592.jpg,magia_y_brujas,ilustración de bruja y sombrero estilo plano,Pixabay
img_0593.jpg,magia_y_brujas,ilustración de magia y ilusionista estilo plano,Pixabay
img_0594.jpg,magia_y_brujas,ilustración de magia estilo plano,Pixabay
img_0595.jpg,magia_y_brujas,ilustración de escoba y magia estilo plano,Pixabay
img_0596.jpg,magia_y_brujas,ilustración de magia estilo plano,Pixabay
img_0597.jpg,magia_y_brujas,ilustración de bruja y magia estilo plano,Pixabay
img_0598.jpg,magia_y_brujas,ilustración de sombrero estilo plano,Pixabay
img_0599.jpg,magia_y_brujas,ilustración de magia estilo plano,Pixabay
img_0600.jpg,magia_y_brujas,ilustración de magia estilo plano,Pixabay
img_0601.jpg,magia_y_brujas,ilustración de bruja y mago estilo plano,Pixabay
img_0602.jpg,magia_y_brujas,ilustración de magia estilo plano,Pixabay
img_0603.jpg,magia_y_brujas,ilustración de bola de cristal y magia estilo plano,Pixabay
img_0604.jpg,magia_y_brujas,ilustración de sombrero estilo plano,Pixabay
img_0605.jpg,magia_y_brujas,ilustración de bruja y mago estilo plano,Pixabay
img_0606.jpg,magia_y_brujas,ilustración de magia estilo plano,Pixabay
img_0607.jpg,magia_y_brujas,ilustración de poción y magia estilo plano,Pixabay
img_0608.jpg,magia_y_brujas,ilustración de magia estilo plano,Pixabay
img_0609.jpg,magia_y_brujas,ilustración de anillo mágico estilo plano,Pixabay
img_0610.jpg,magia_y_brujas,ilustración de magia estilo plano,Pixabay
img_0611.jpg,magia_y_brujas,ilustración de magia estilo plano,Pixabay
img_0612.jpg,magia_y_brujas,ilustración de bola de cristal y misticismo estilo plano,Pixabay
img_0613.jpg,magia_y_brujas,ilustración de gema mágica estilo plano,Pixabay
img_0614.jpg,magia_y_brujas,ilustración de ocultismo estilo plano,Pixabay
img_0615.jpg,magia_y_brujas,ilustración de magia estilo plano,Pixabay
img_0616.jpg,magia_y_brujas,ilustración de magia estilo plano,Pixabay
img_0617.jpg,magia_y_brujas,ilustración de magia y misticismo estilo plano,Pixabay
img_0618.jpg,magia_y_brujas,ilustración de magia estilo plano,Pixabay
img_0619.jpg,magia_y_brujas,ilustración de magia estilo plano,Pixabay
img_0620.jpg,magia_y_brujas,ilustración de mago y magia estilo plano,Pixabay
img_0621.jpg,magia_y_brujas,ilustración de magia estilo plano,Pixabay
img_0622.jpg,magia_y_brujas,ilustración de báculo estilo plano,Pixabay
img_0623.jpg,magia_y_brujas,ilustración de magia estilo plano,Pixabay
img_0624.jpg,magia_y_brujas,ilustración de magia estilo plano,Pixabay
img_0625.jpg,magia_y_brujas,ilustración de magia estilo plano,Pixabay
img_0626.jpg,magia_y_brujas,ilustración de magia estilo plano,Pixabay
img_0627.jpg,magia_y_brujas,ilustración de magia estilo plano,Pixabay
img_0628.jpg,magia_y_brujas,ilustración de magia estilo plano,Pixabay
img_0629.jpg,magia_y_brujas,ilustración de libro de hechizos estilo plano,Pixabay
img_0630.jpg,magia_y_brujas,ilustración de magia estilo plano,Pixabay
img_0631.jpg,magia_y_brujas,ilustración de magia estilo plano,Pixabay
img_0632.jpg,magia_y_brujas,ilustración de magia estilo plano,Pixabay
img_0633.jpg,magia_y_brujas,ilustración de magia estilo plano,Pixabay
img_0634.jpg,magia_y_brujas,ilustración de magia estilo plano,Pixabay
img_0635.jpg,magia_y_brujas,ilustración de libro de hechizos estilo plano,Pixabay
img_0636.jpg,magia_y_brujas,ilustración de magia estilo plano,Pixabay
img_0637.jpg,magia_y_brujas,ilustración de magia estilo plano,Pixabay
img_0638.jpg,magia_y_brujas,ilustración de magia estilo plano,Pixabay
img_0639.jpg,magia_y_brujas,ilustración de anillo mágico estilo plano,Pixabay
img_0640.jpg,magia_y_brujas,ilustración de anillo mágico estilo plano,Pixabay
img_0641.jpg,magia_y_brujas,ilustración de anillo mágico estilo plano,Pixabay
img_0642.jpg,magia_y_brujas,ilustración de anillo mágico estilo plano,Pixabay
img_0643.jpg,magia_y_brujas,ilustración de anillo mágico estilo plano,Pixabay
img_0644.jpg,magia_y_brujas,ilustración de anillo mágico estilo plano,Pixabay
img_0645.jpg,magia_y_brujas,ilustración de anillo mágico estilo plano,Pixabay
img_0646.jpg,magia_y_brujas,ilustración de anillo mágico estilo plano,Pixabay
img_0647.jpg,magia_y_brujas,ilustración de libro de hechizos estilo plano,Pixabay
img_0648.jpg,magia_y_brujas,ilustración de anillo mágico estilo plano,Pixabay
img_0649.jpg,magia_y_brujas,ilustración de anillo mágico estilo plano,Pixabay
img_0650.jpg,magia_y_brujas,ilustración de anillo mágico estilo plano,Pixabay
img_0651.jpg,magia_y_brujas,ilustración de anillo mágico estilo plano,Pixabay
img_0652.jpg,magia_y_brujas,ilustración de anillo mágico estilo plano,Pixabay
img_0653.jpg,magia_y_brujas,ilustración de anillo mágico estilo plano,Pixabay
img_0654.jpg,magia_y_brujas,ilustración de anillo mágico estilo plano,Pixabay
img_0655.jpg,magia_y_brujas,ilustración de magia estilo plano,Pixabay
img_0656.jpg,magia_y_brujas,ilustración de anillo mágico estilo plano,Pixabay
img_0657.jpg,magia_y_brujas,ilustración de anillo mágico estilo plano,Pixabay
img_0658.jpg,magia_y_brujas,ilustración de anillo mágico estilo plano,Pixabay
img_0659.jpg,magia_y_brujas,ilustración de anillo mágico estilo plano,Pixabay
img_0660.jpg,magia_y_brujas,ilustración de magia estilo plano,Pixabay
img_0661.jpg,magia_y_brujas,ilustración de anillo mágico estilo plano,Pixabay
img_0662.jpg,magia_y_brujas,ilustración de anillo mágico estilo plano,Pixabay
img_0663.jpg,magia_y_brujas,ilustración de anillo mágico estilo plano,Pixabay
img_0664.jpg,magia_y_brujas,ilustración de anillo mágico estilo plano,Pixabay
img_0665.jpg,magia_y_brujas,ilustración de anillo mágico estilo plano,Pixabay
img_0666.jpg,magia_y_brujas,ilustración de anillo mágico estilo plano,Pixabay
img_0667.jpg,magia_y_brujas,ilustración de anillo mágico estilo plano,Pixabay
img_0668.jpg,magia_y_brujas,ilustración de anillo mágico estilo plano,Pixabay
img_0669.jpg,magia_y_brujas,ilustración de anillo mágico estilo plano,Pixabay
img_0670.jpg,magia_y_brujas,ilustración de anillo mágico estilo plano,Pixabay
img_0671.jpg,magia_y_brujas,ilustración de anillo mágico estilo plano,Pixabay
img_0672.jpg,magia_y_brujas,ilustración de anillo mágico estilo plano,Pixabay
img_0673.jpg,magia_y_brujas,ilustración de anillo mágico estilo plano,Pixabay
img_0674.jpg,magia_y_brujas,ilustración de libro de hechizos estilo plano,Pixabay
img_0675.jpg,magia_y_brujas,ilustración de anillo mágico estilo plano,Pixabay
img_0676.jpg,magia_y_brujas,ilustración de anillo mágico estilo plano,Pixabay
img_0677.jpg,magia_y_brujas,ilustración de anillo mágico y gema mágica estilo plano,Pixabay
img_0678.jpg,magia_y_brujas,ilustración de magia estilo plano,Pixabay
img_0679.jpg,magia_y_brujas,ilustración de magia y ilusionista estilo plano,Pixabay
img_0680.jpg,magia_y_brujas,ilustración de libro de hechizos estilo plano,Pixabay
img_0681.jpg,magia_y_brujas,ilustración de sombrero estilo plano,Pixabay
img_0682.jpg,magia_y_brujas,ilustración de sombrero estilo plano,Pixabay
img_0683.jpg,magia_y_brujas,ilustración de sombrero estilo plano,Pixabay
img_0684.jpg,magia_y_brujas,ilustración de magia estilo plano,Pixabay
img_0685.jpg,magia_y_brujas,ilustración de magia estilo plano,Pixabay
img_0686.jpg,magia_y_brujas,ilustración de anillo mágico estilo plano,Pixabay
img_0687.jpg,magia_y_brujas,ilustración de anillo mágico estilo plano,Pixabay
img_0688.jpg,magia_y_brujas,ilustración de anillo mágico estilo plano,Pixabay
img_0689.jpg,magia_y_brujas,ilustración de anillo mágico estilo plano,Pixabay
img_0690.jpg,magia_y_brujas,ilustración de anillo mágico estilo plano,Pixabay
img_0691.jpg,magia_y_brujas,ilustración de anillo mágico y gema mágica estilo plano,Pixabay
img_0692.jpg,magia_y_brujas,ilustración de libro de hechizos estilo plano,Pixabay
img_0693.jpg,magia_y_brujas,ilustración de anillo mágico estilo plano,Pixabay
img_0694.jpg,magia_y_brujas,ilustración de magia y mago estilo plano,Pixabay
img_0695.jpg,magia_y_brujas,ilustración de magia estilo plano,Pixabay
img_0696.jpg,magia_y_brujas,ilustración de chamán estilo plano,Pixabay
img_0697.jpg,magia_y_brujas,ilustración de chamán estilo plano,Pixabay
img_0698.jpg,magia_y_brujas,ilustración de magia estilo plano,Pixabay
img_0699.jpg,magia_y_brujas,ilustración de magia estilo plano,Pixabay
img_0700.jpg,magia_y_brujas,ilustración de magia estilo plano,Pixabay
img_0701.jpg,magia_y_brujas,ilustración de magia estilo plano,Pixabay
img_0702.jpg,magia_y_brujas,ilustración de gema mágica estilo plano,Pixabay
img_0703.jpg,magia_y_brujas,ilustración de gema mágica estilo plano,Pixabay
img_0704.jpg,magia_y_brujas,ilustración de gema mágica estilo plano,Pixabay
img_0705.jpg,magia_y_brujas,ilustración de magia estilo plano,Pixabay
img_0706.jpg,magia_y_brujas,ilustración de magia estilo plano,Pixabay
img_0707.jpg,magia_y_brujas,ilustración de gema mágica estilo plano,Pixabay
img_0708.jpg,magia_y_brujas,ilustración de sombrero y magia estilo plano,Pixabay
img_0709.jpg,magia_y_brujas,ilustración de gema mágica estilo plano,Pixabay
img_0710.jpg,magia_y_brujas,ilustración de magia estilo plano,Pixabay
img_0711.jpg,magia_y_brujas,ilustración de gema mágica estilo plano,Pixabay
img_0712.jpg,magia_y_brujas,ilustración de gema mágica estilo plano,Pixabay
img_0713.jpg,magia_y_brujas,ilustración de gema mágica estilo plano,Pixabay
img_0714.jpg,magia_y_brujas,ilustración de magia estilo plano,Pixabay
img_0715.jpg,magia_y_brujas,ilustración de bruja y mago estilo plano,Pixabay
img_0716.jpg,magia_y_brujas,ilustración de gema mágica estilo plano,Pixabay
img_0717.jpg,magia_y_brujas,ilustración de gema mágica estilo plano,Pixabay
img_0718.jpg,magia_y_brujas,ilustración de gema mágica estilo plano,Pixabay
img_0719.jpg,magia_y_brujas,ilustración de gema mágica estilo plano,Pixabay
img_0720.jpg,magia_y_brujas,ilustración de gema mágica estilo plano,Pixabay
img_0721.jpg,magia_y_brujas,ilustración de gema mágica estilo plano,Pixabay
img_0722.jpg,magia_y_brujas,ilustración de gema mágica estilo plano,Pixabay
img_0723.jpg,magia_y_brujas,ilustración de gema mágica estilo plano,Pixabay
img_0724.jpg,magia_y_brujas,ilustración de magia estilo plano,Pixabay
img_0725.jpg,magia_y_brujas,ilustración de magia estilo plano,Pixabay
img_0726.jpg,magia_y_brujas,ilustración de gema mágica estilo plano,Pixabay
img_0727.jpg,magia_y_brujas,ilustración de gema mágica estilo plano,Pixabay
img_0728.jpg,magia_y_brujas,ilustración de anillo mágico estilo plano,Pixabay
img_0729.jpg,magia_y_brujas,ilustración de gema mágica estilo plano,Pixabay
img_0730.jpg,magia_y_brujas,ilustración de gema mágica estilo plano,Pixabay
img_0731.jpg,magia_y_brujas,ilustración de magia estilo plano,Pixabay
img_0732.jpg,magia_y_brujas,ilustración de gema mágica estilo plano,Pixabay
img_0733.jpg,magia_y_brujas,ilustración de gema mágica estilo plano,Pixabay
img_0734.jpg,magia_y_brujas,ilustración de gema mágica estilo plano,Pixabay
img_0735.jpg,magia_y_brujas,ilustración de gema mágica estilo plano,Pixabay
img_0736.jpg,magia_y_brujas,ilustración de gema mágica estilo plano,Pixabay
img_0737.jpg,magia_y_brujas,ilustración de magia estilo plano,Pixabay
img_0738.jpg,magia_y_brujas,ilustración de gema mágica estilo plano,Pixabay
img_0739.jpg,magia_y_brujas,ilustración de anillo mágico estilo plano,Pixabay
img_0740.jpg,magia_y_brujas,ilustración de gema mágica estilo plano,Pixabay
img_0741.jpg,magia_y_brujas,ilustración de magia estilo plano,Pixabay
img_0742.jpg,magia_y_brujas,ilustración de gema mágica estilo plano,Pixabay
img_0743.jpg,magia_y_brujas,ilustración de magia estilo plano,Pixabay
img_0744.jpg,magia_y_brujas,ilustración de anillo mágico y gema mágica estilo plano,Pixabay
img_0745.jpg,magia_y_brujas,ilustración de magia y bruja estilo plano,Pixabay
img_0746.jpg,magia_y_brujas,ilustración de magia estilo plano,Pixabay
img_0747.jpg,magia_y_brujas,ilustración de bruja estilo plano,Pixabay
img_0748.jpg,magia_y_brujas,ilustración de gema mágica estilo plano,Pixabay
img_0749.jpg,magia_y_brujas,ilustración de magia y mago estilo plano,Pixabay
img_0750.jpg,magia_y_brujas,ilustración de gema mágica estilo plano,Pixabay
img_0751.jpg,magia_y_brujas,ilustración de gema mágica estilo plano,Pixabay
img_0752.jpg,magia_y_brujas,ilustración de magia estilo plano,Pixabay
img_0753.jpg,magia_y_brujas,ilustración de magia estilo plano,Pixabay
img_0754.jpg,magia_y_brujas,ilustración de bruja y magia estilo plano,Pixabay
img_0755.jpg,magia_y_brujas,ilustración de magia estilo plano,Pixabay
img_0756.jpg,magia_y_brujas,ilustración de magia estilo plano,Pixabay
img_0757.jpg,magia_y_brujas,ilustración de bruja y magia estilo plano,Pixabay
img_0758.jpg,magia_y_brujas,ilustración de ilusionista y varita estilo plano,Pixabay
img_0759.jpg,magia_y_brujas,ilustración de libro de hechizos y magia estilo plano,Pixabay
img_0760.jpg,magia_y_brujas,ilustración de mago y magia estilo plano,Pixabay
img_0761.jpg,magia_y_brujas,ilustración de magia estilo plano,Pixabay
img_0762.jpg,magia_y_brujas,ilustración de magia estilo plano,Pixabay
img_0763.jpg,magia_y_brujas,ilustración de magia estilo plano,Pixabay
img_0764.jpg,magia_y_brujas,ilustración de gema mágica estilo plano,Pixabay
img_0765.jpg,magia_y_brujas,ilustración de báculo estilo plano,Pixabay
img_0766.jpg,magia_y_brujas,ilustración de magia estilo plano,Pixabay
img_0767.jpg,magia_y_brujas,ilustración de magia estilo plano,Pixabay
img_0768.jpg,magia_y_brujas,ilustración de báculo estilo plano,Pixabay
img_0769.jpg,magia_y_brujas,ilustración de bruja y mago estilo plano,Pixabay
img_0770.jpg,magia_y_brujas,ilustración de báculo estilo plano,Pixabay
img_0771.jpg,magia_y_brujas,ilustración de báculo estilo plano,Pixabay
img_0772.jpg,magia_y_brujas,ilustración de báculo estilo plano,Pixabay
img_0773.jpg,magia_y_brujas,ilustración de magia estilo plano,Pixabay
img_0774.jpg,magia_y_brujas,ilustración de magia estilo plano,Pixabay
img_0775.jpg,magia_y_brujas,ilustración de báculo estilo plano,Pixabay
img_0776.jpg,magia_y_brujas,ilustración de báculo estilo plano,Pixabay
img_0777.jpg,magia_y_brujas,ilustración de báculo estilo plano,Pixabay
img_0778.jpg,magia_y_brujas,ilustración de báculo estilo plano,Pixabay
img_0779.jpg,magia_y_brujas,ilustración de báculo estilo plano,Pixabay
img_0780.jpg,magia_y_brujas,ilustración de báculo estilo plano,Pixabay
img_0781.jpg,magia_y_brujas,ilustración de báculo estilo plano,Pixabay
img_0782.jpg,magia_y_brujas,ilustración de magia estilo plano,Pixabay
img_0783.jpg,magia_y_brujas,ilustración de báculo estilo plano,Pixabay
img_0784.jpg,magia_y_brujas,ilustración de báculo estilo plano,Pixabay
img_0785.jpg,magia_y_brujas,ilustración de magia estilo plano,Pixabay
img_0786.jpg,magia_y_brujas,ilustración de magia estilo plano,Pixabay
img_0787.jpg,magia_y_brujas,ilustración de magia estilo plano,Pixabay
img_0788.jpg,magia_y_brujas,ilustración de magia estilo plano,Pixabay
img_0789.jpg,magia_y_brujas,ilustración de báculo estilo plano,Pixabay
img_0790.jpg,magia_y_brujas,ilustración de magia estilo plano,Pixabay
img_0791.jpg,magia_y_brujas,ilustración de báculo estilo plano,Pixabay
img_0792.jpg,magia_y_brujas,ilustración de báculo estilo plano,Pixabay
img_0793.jpg,magia_y_brujas,ilustración de báculo estilo plano,Pixabay
img_0794.jpg,magia_y_brujas,ilustración de báculo estilo plano,Pixabay
img_0795.jpg,magia_y_brujas,ilustración de magia estilo plano,Pixabay
img_0796.jpg,magia_y_brujas,ilustración de báculo estilo plano,Pixabay
img_0797.jpg,magia_y_brujas,ilustración de báculo estilo plano,Pixabay
img_0798.jpg,magia_y_brujas,ilustración de báculo estilo plano,Pixabay
img_0799.jpg,magia_y_brujas,ilustración de alquimia y báculo estilo plano,Pixabay
img_0800.jpg,magia_y_brujas,ilustración de magia estilo plano,Pixabay
img_0801.jpg,magia_y_brujas,ilustración de báculo estilo plano,Pixabay
img_0802.jpg,magia_y_brujas,ilustración de magia estilo plano,Pixabay
img_0803.jpg,magia_y_brujas,ilustración de vudú estilo plano,Pixabay
img_0804.jpg,magia_y_brujas,ilustración de vudú estilo plano,Pixabay
img_0805.jpg,magia_y_brujas,ilustración de magia estilo plano,Pixabay
img_0806.jpg,magia_y_brujas,ilustración de ocultismo estilo plano,Pixabay
img_0807.jpg,magia_y_brujas,ilustración de ocultismo estilo plano,Pixabay
img_0808.jpg,magia_y_brujas,ilustración de ocultismo y magia estilo plano,Pixabay
img_0809.jpg,magia_y_brujas,ilustración de ocultismo y magia estilo plano,Pixabay
img_0810.jpg,magia_y_brujas,ilustración de ocultismo estilo plano,Pixabay
img_0811.jpg,magia_y_brujas,ilustración de hechicero y mago estilo plano,Pixabay
img_0812.jpg,magia_y_brujas,ilustración de ocultismo estilo plano,Pixabay
img_0813.jpg,magia_y_brujas,ilustración de ocultismo estilo plano,Pixabay
img_0814.jpg,magia_y_brujas,ilustración de caldero estilo plano,Pixabay
img_0815.jpg,magia_y_brujas,ilustración de ocultismo estilo plano,Pixabay
img_0816.jpg,magia_y_brujas,ilustración de ocultismo estilo plano,Pixabay
img_0817.jpg,magia_y_brujas,ilustración de magia y ocultismo estilo plano,Pixabay
img_0818.jpg,magia_y_brujas,ilustración de sombrero estilo plano,Pixabay
img_0819.jpg,magia_y_brujas,ilustración de magia estilo plano,Pixabay
img_0820.jpg,magia_y_brujas,ilustración de sombrero estilo plano,Pixabay
img_0821.jpg,magia_y_brujas,ilustración de sombrero estilo plano,Pixabay
img_0822.jpg,magia_y_brujas,ilustración de magia estilo plano,Pixabay
img_0823.jpg,magia_y_brujas,ilustración de magia estilo plano,Pixabay
img_0824.jpg,magia_y_brujas,ilustración de magia y mago estilo plano,Pixabay
img_0825.jpg,magia_y_brujas,ilustración de magia estilo plano,Pixabay
img_0826.jpg,magia_y_brujas,ilustración de varita y mago estilo plano,Pixabay
img_0827.jpg,magia_y_brujas,ilustración de mago y ilusionista estilo plano,Pixabay
img_0828.jpg,magia_y_brujas,ilustración de sombrero y ilusionista estilo plano,Pixabay
img_0829.jpg,magia_y_brujas,ilustración de varita y ilusionista estilo plano,Pixabay
img_0830.jpg,magia_y_brujas,ilustración de ilusionista estilo plano,Pixabay
img_0831.jpg,magia_y_brujas,ilustración de sombrero estilo plano,Pixabay
img_0832.jpg,magia_y_brujas,ilustración de ilusionista y magia estilo plano,Pixabay
img_0833.jpg,magia_y_brujas,ilustración de sombrero y varita estilo plano,Pixabay
img_0834.jpg,magia_y_brujas,ilustración de magia y ilusionista estilo plano,Pixabay
img_0835.jpg,magia_y_brujas,ilustración de magia y ilusionista estilo plano,Pixabay
img_0836.jpg,magia_y_brujas,ilustración de anillo mágico estilo plano,Pixabay
img_0837.jpg,magia_y_brujas,ilustración de bruja estilo plano,Pixabay
img_0838.jpg,magia_y_brujas,ilustración de varita y mago estilo plano,Pixabay
img_0839.jpg,magia_y_brujas,ilustración de magia estilo plano,Pixabay
img_0840.jpg,magia_y_brujas,ilustración de hechicero y bruja estilo plano,Pixabay
img_0841.jpg,magia_y_brujas,ilustración de varita y mago estilo plano,Pixabay
img_0842.jpg,magia_y_brujas,ilustración de bola de cristal estilo plano,Pixabay
img_0843.jpg,magia_y_brujas,ilustración de gema mágica estilo plano,Pixabay
img_0844.jpg,magia_y_brujas,ilustración de magia estilo plano,Pixabay
img_0845.jpg,magia_y_brujas,ilustración de magia estilo plano,Pixabay
img_0846.jpg,magia_y_brujas,ilustración de fantasía estilo plano,Pixabay
img_0847.jpg,magia_y_brujas,ilustración de magia estilo plano,Pixabay
img_0848.jpg,magia_y_brujas,ilustración de magia estilo plano,Pixabay
img_0849.jpg,magia_y_brujas,ilustración de magia estilo plano,Pixabay
img_0850.jpg,magia_y_brujas,ilustración de magia estilo plano,Pixabay
img_0851.jpg,magia_y_brujas,ilustración de magia estilo plano,Pixabay
img_0852.jpg,magia_y_brujas,ilustración de magia estilo plano,Pixabay
img_0853.jpg,magia_y_brujas,ilustración de magia estilo plano,Pixabay
img_0854.jpg,magia_y_brujas,ilustración de magia estilo plano,Pixabay
img_0855.jpg,magia_y_brujas,ilustración de magia estilo plano,Pixabay
img_0856.jpg,magia_y_brujas,ilustración de alquimia estilo plano,Pixabay
img_0857.jpg,magia_y_brujas,ilustración de alquimia estilo plano,Pixabay
img_0858.jpg,magia_y_brujas,ilustración de alquimia estilo plano,Pixabay
img_0859.jpg,magia_y_brujas,ilustración de magia estilo plano,Pixabay
img_0860.jpg,magia_y_brujas,ilustración de magia estilo plano,Pixabay
img_0861.jpg,magia_y_brujas,ilustración de poción estilo plano,Pixabay
img_0862.jpg,magia_y_brujas,ilustración de poción estilo plano,Pixabay
img_0863.jpg,magia_y_brujas,ilustración de poción estilo plano,Pixabay
img_0864.jpg,magia_y_brujas,ilustración de poción estilo plano,Pixabay
img_0865.jpg,magia_y_brujas,ilustración de poción estilo plano,Pixabay
img_0866.jpg,magia_y_brujas,ilustración de poción estilo plano,Pixabay
img_0867.jpg,magia_y_brujas,ilustración de poción estilo plano,Pixabay
img_0868.jpg,magia_y_brujas,ilustración de poción estilo plano,Pixabay
img_0869.jpg,magia_y_brujas,ilustración de poción estilo plano,Pixabay
img_0870.jpg,magia_y_brujas,ilustración de poción estilo plano,Pixabay
img_0871.jpg,magia_y_brujas,ilustración de pergamino mágico estilo plano,Pixabay
img_0872.jpg,magia_y_brujas,ilustración de pergamino mágico estilo plano,Pixabay
img_0873.jpg,magia_y_brujas,ilustración de magia estilo plano,Pixabay
img_0874.jpg,magia_y_brujas,ilustración de magia estilo plano,Pixabay
img_0875.jpg,magia_y_brujas,ilustración de pergamino mágico estilo plano,Pixabay
img_0876.jpg,magia_y_brujas,ilustración de pergamino mágico estilo plano,Pixabay
img_0877.jpg,magia_y_brujas,ilustración de pergamino mágico estilo plano,Pixabay
img_0878.jpg,magia_y_brujas,ilustración de pergamino mágico estilo plano,Pixabay
img_0879.jpg,magia_y_brujas,ilustración de pergamino mágico estilo plano,Pixabay
img_0880.jpg,magia_y_brujas,ilustración de pergamino mágico estilo plano,Pixabay
img_0881.jpg,magia_y_brujas,ilustración de pergamino mágico estilo plano,Pixabay
img_0882.jpg,magia_y_brujas,ilustración de pergamino mágico estilo plano,Pixabay
img_0883.jpg,magia_y_brujas,ilustración de libro de hechizos y pergamino mágico estilo plano,Pixabay
img_0884.jpg,magia_y_brujas,ilustración de pergamino mágico estilo plano,Pixabay
img_0885.jpg,magia_y_brujas,ilustración de pergamino mágico estilo plano,Pixabay
img_0886.jpg,magia_y_brujas,ilustración de pergamino mágico estilo plano,Pixabay
img_0887.jpg,magia_y_brujas,ilustración de pergamino mágico estilo plano,Pixabay
img_0888.jpg,magia_y_brujas,ilustración de pergamino mágico estilo plano,Pixabay
img_0889.jpg,magia_y_brujas,ilustración de pergamino mágico estilo plano,Pixabay
img_0890.jpg,magia_y_brujas,ilustración de pergamino mágico estilo plano,Pixabay
img_0891.jpg,magia_y_brujas,ilustración de pergamino mágico estilo plano,Pixabay
img_0892.jpg,magia_y_brujas,ilustración de pergamino mágico estilo plano,Pixabay
img_0893.jpg,magia_y_brujas,ilustración de pergamino mágico estilo plano,Pixabay
img_0894.jpg,magia_y_brujas,ilustración de pergamino mágico estilo plano,Pixabay
img_0895.jpg,magia_y_brujas,ilustración de pergamino mágico estilo plano,Pixabay
img_0896.jpg,magia_y_brujas,ilustración de pergamino mágico estilo plano,Pixabay
img_0897.jpg,magia_y_brujas,ilustración de pergamino mágico estilo plano,Pixabay
img_0898.jpg,magia_y_brujas,ilustración de pergamino mágico estilo plano,Pixabay
img_0899.jpg,magia_y_brujas,ilustración de pergamino mágico estilo plano,Pixabay
img_0900.jpg,magia_y_brujas,ilustración de libro de hechizos estilo plano,Pixabay
img_0901.jpg,magia_y_brujas,ilustración de pergamino mágico estilo plano,Pixabay
img_0902.jpg,magia_y_brujas,ilustración de pergamino mágico estilo plano,Pixabay
img_0903.jpg,magia_y_brujas,ilustración de magia estilo plano,Pixabay
img_0904.jpg,magia_y_brujas,ilustración de pergamino mágico estilo plano,Pixabay
img_0905.jpg,magia_y_brujas,ilustración de pergamino mágico estilo plano,Pixabay
img_0906.jpg,magia_y_brujas,ilustración de pergamino mágico estilo plano,Pixabay
img_0907.jpg,magia_y_brujas,ilustración de pergamino mágico estilo plano,Pixabay
img_0908.jpg,magia_y_brujas,ilustración de pergamino mágico estilo plano,Pixabay
img_0909.jpg,magia_y_brujas,ilustración de pergamino mágico estilo plano,Pixabay
img_0910.jpg,magia_y_brujas,ilustración de pergamino mágico estilo plano,Pixabay
img_0911.jpg,magia_y_brujas,ilustración de pergamino mágico estilo plano,Pixabay
img_0912.jpg,magia_y_brujas,ilustración de pergamino mágico estilo plano,Pixabay
img_0913.jpg,magia_y_brujas,ilustración de libro de hechizos estilo plano,Pixabay
img_0914.jpg,magia_y_brujas,ilustración de pergamino mágico estilo plano,Pixabay
img_0915.jpg,magia_y_brujas,ilustración de magia estilo plano,Pixabay
img_0916.jpg,magia_y_brujas,ilustración de pergamino mágico estilo plano,Pixabay
img_0917.jpg,magia_y_brujas,ilustración de magia estilo plano,Pixabay
img_0918.jpg,magia_y_brujas,ilustración de pergamino mágico estilo plano,Pixabay
img_0919.jpg,magia_y_brujas,ilustración de pergamino mágico estilo plano,Pixabay
img_0920.jpg,magia_y_brujas,ilustración de pergamino mágico estilo plano,Pixabay
img_0921.jpg,magia_y_brujas,ilustración de pergamino mágico estilo plano,Pixabay
img_0922.jpg,magia_y_brujas,ilustración de pergamino mágico estilo plano,Pixabay
img_0923.jpg,magia_y_brujas,ilustración de magia estilo plano,Pixabay
img_0924.jpg,magia_y_brujas,ilustración de magia estilo plano,Pixabay
img_0925.jpg,magia_y_brujas,ilustración de pergamino mágico estilo plano,Pixabay
img_0926.jpg,magia_y_brujas,ilustración de pergamino mágico estilo plano,Pixabay
img_0927.jpg,magia_y_brujas,ilustración de magia estilo plano,Pixabay
img_0928.jpg,magia_y_brujas,ilustración de magia estilo plano,Pixabay
img_0929.jpg,magia_y_brujas,ilustración de pergamino mágico estilo plano,Pixabay
img_0930.jpg,magia_y_brujas,ilustración de magia estilo plano,Pixabay
img_0931.jpg,magia_y_brujas,ilustración de pergamino mágico estilo plano,Pixabay
img_0932.jpg,magia_y_brujas,ilustración de pergamino mágico estilo plano,Pixabay
img_0933.jpg,magia_y_brujas,ilustración de pergamino mágico estilo plano,Pixabay
img_0934.jpg,magia_y_brujas,ilustración de pergamino mágico estilo plano,Pixabay
img_0935.jpg,magia_y_brujas,ilustración de pergamino mágico estilo plano,Pixabay
img_0936.jpg,magia_y_brujas,ilustración de pergamino mágico estilo plano,Pixabay
img_0937.jpg,magia_y_brujas,ilustración de pergamino mágico estilo plano,Pixabay
img_0938.jpg,magia_y_brujas,ilustración de pergamino mágico estilo plano,Pixabay
img_0939.jpg,magia_y_brujas,ilustración de magia estilo plano,Pixabay
img_0940.jpg,magia_y_brujas,ilustración de pergamino mágico estilo plano,Pixabay
img_0941.jpg,magia_y_brujas,ilustración de pergamino mágico estilo plano,Pixabay
img_0942.jpg,magia_y_brujas,ilustración de pergamino mágico estilo plano,Pixabay
img_0943.jpg,magia_y_brujas,ilustración de magia estilo plano,Pixabay
img_0944.jpg,magia_y_brujas,ilustración de pergamino mágico estilo plano,Pixabay
img_0945.jpg,magia_y_brujas,ilustración de pergamino mágico estilo plano,Pixabay
img_0946.jpg,magia_y_brujas,ilustración de pergamino mágico estilo plano,Pixabay
img_0947.jpg,magia_y_brujas,ilustración de pergamino mágico estilo plano,Pixabay
img_0948.jpg,magia_y_brujas,ilustración de pergamino mágico estilo plano,Pixabay
img_0949.jpg,magia_y_brujas,ilustración de pergamino mágico estilo plano,Pixabay
img_0950.jpg,magia_y_brujas,ilustración de fantasía y misticismo estilo plano,Pixabay
img_0951.jpg,magia_y_brujas,ilustración de misticismo estilo plano,Pixabay
img_0952.jpg,magia_y_brujas,ilustración de misticismo estilo plano,Pixabay
img_0953.jpg,magia_y_brujas,ilustración de fantasía y misticismo estilo plano,Pixabay
img_0954.jpg,magia_y_brujas,ilustración de bruja y misticismo estilo plano,Pixabay
img_0955.jpg,magia_y_brujas,ilustración de misticismo estilo plano,Pixabay
img_0956.jpg,magia_y_brujas,ilustración de escoba y bruja estilo plano,Pixabay
img_0957.jpg,magia_y_brujas,ilustración de escoba y bruja estilo plano,Pixabay
img_0958.jpg,magia_y_brujas,ilustración de escoba estilo plano,Pixabay
img_0959.jpg,magia_y_brujas,ilustración de escoba y bruja estilo plano,Pixabay
img_0960.jpg,magia_y_brujas,ilustración de escoba estilo plano,Pixabay
img_0961.jpg,magia_y_brujas,ilustración de bruja y escoba estilo plano,Pixabay
img_0962.jpg,magia_y_brujas,ilustración de escoba estilo plano,Pixabay
img_0963.jpg,magia_y_brujas,ilustración de bruja y sombrero estilo plano,Pixabay
img_0964.jpg,magia_y_brujas,ilustración de escoba estilo plano,Pixabay
img_0965.jpg,magia_y_brujas,ilustración de escoba estilo plano,Pixabay
img_0966.jpg,magia_y_brujas,ilustración de escoba estilo plano,Pixabay
img_0967.jpg,magia_y_brujas,ilustración de escoba estilo plano,Pixabay
img_0968.jpg,magia_y_brujas,ilustración de magia estilo plano,Pixabay
img_0969.jpg,magia_y_brujas,ilustración de escoba estilo plano,Pixabay
img_0970.jpg,magia_y_brujas,ilustración de escoba estilo plano,Pixabay
img_0971.jpg,magia_y_brujas,ilustración de bruja y sombrero estilo plano,Pixabay
img_0972.jpg,magia_y_brujas,ilustración de escoba estilo plano,Pixabay
img_0973.jpg,magia_y_brujas,ilustración de escoba estilo plano,Pixabay
img_0974.jpg,magia_y_brujas,ilustración de escoba estilo plano,Pixabay
img_0975.jpg,magia_y_brujas,ilustración de escoba estilo plano,Pixabay
img_0976.jpg,magia_y_brujas,ilustración de escoba estilo plano,Pixabay
img_0977.jpg,magia_y_brujas,ilustración de bruja y escoba estilo plano,Pixabay
img_0978.jpg,magia_y_brujas,ilustración de escoba estilo plano,Pixabay
img_0979.jpg,magia_y_brujas,ilustración de escoba estilo plano,Pixabay
img_0980.jpg,magia_y_brujas,ilustración de escoba estilo plano,Pixabay
img_0981.jpg,magia_y_brujas,ilustración de escoba estilo plano,Pixabay
img_0982.jpg,magia_y_brujas,ilustración de escoba estilo plano,Pixabay
img_0983.jpg,magia_y_brujas,ilustración de sombrero y escoba estilo plano,Pixabay
img_0984.jpg,magia_y_brujas,ilustración de magia estilo plano,Pixabay
img_0985.jpg,magia_y_brujas,ilustración de escoba estilo plano,Pixabay
img_0986.jpg,magia_y_brujas,ilustración de magia estilo plano,Pixabay
img_0987.jpg,magia_y_brujas,ilustración de escoba estilo plano,Pixabay
img_0988.jpg,magia_y_brujas,ilustración de fantasía estilo plano,Pixabay
img_0989.jpg,magia_y_brujas,ilustración de escoba estilo plano,Pixabay
img_0990.jpg,magia_y_brujas,ilustración de magia estilo plano,Pixabay
img_0991.jpg,magia_y_brujas,ilustración de magia estilo plano,Pixabay
img_0992.jpg,magia_y_brujas,ilustración de escoba estilo plano,Pixabay
img_0993.jpg,magia_y_brujas,ilustración de fantasía estilo plano,Pixabay
img_0994.jpg,magia_y_brujas,ilustración de magia estilo plano,Pixabay
img_0995.jpg,magia_y_brujas,ilustración de magia estilo plano,Pixabay
img_0996.jpg,magia_y_brujas,ilustración de magia estilo plano,Pixabay
img_0997.jpg,magia_y_brujas,ilustración de magia estilo plano,Pixabay
img_0998.jpg,magia_y_brujas,ilustración de magia estilo plano,Pixabay
img_0999.jpg,magia_y_brujas,ilustración de escoba estilo plano,Pixabay
