archivo,titulo,autor,tematica,fuente
cuento_0001.txt,El príncipe Danilo,"Afanasiev, Aleksandr Nikoalevich",princesas_y_castillos,Fernandoefg/cuentos_es
cuento_0002.txt,El Rey del Frío,"Afanasiev, Aleksandr Nikoalevich",princesas_y_castillos,Fernandoefg/cuentos_es
cuento_0003.txt,Almohada,"Akutagawa, Ryunosuke",princesas_y_castillos,Fernandoefg/cuentos_es
cuento_0004.txt,El rey Baltasar,"Alas ""Clarín"", Leopoldo",princesas_y_castillos,Fernandoefg/cuentos_es
cuento_0005.txt,Un cuento de reyes,"Aldecoa, Ignacio",princesas_y_castillos,Fernandoefg/cuentos_es
cuento_0006.txt,Duelo de caballeros,"Alegría, Ciro",princesas_y_castillos,Fernandoefg/cuentos_es
cuento_0007.txt,El hada del saúco,"Andersen, Hans Christian",princesas_y_castillos,Fernandoefg/cuentos_es
cuento_0008.txt,El príncipe malvado,"Andersen, Hans Christian",princesas_y_castillos,Fernandoefg/cuentos_es
cuento_0009.txt,El traje nuevo del Emperador,"Andersen, Hans Christian",princesas_y_castillos,Fernandoefg/cuentos_es
cuento_0010.txt,La hija del rey del pantano,"Andersen, Hans Christian",princesas_y_castillos,Fernandoefg/cuentos_es
cuento_0011.txt,La princesa del guisante,"Andersen, Hans Christian",princesas_y_castillos,Fernandoefg/cuentos_es
cuento_0012.txt,La princesa y el frijol,"Andersen, Hans Christian",princesas_y_castillos,Fernandoefg/cuentos_es
cuento_0013.txt,"Los fuegos fatuos están en la ciudad, dijo la Reina del Pantano","Andersen, Hans Christian",princesas_y_castillos,Fernandoefg/cuentos_es
cuento_0014.txt,El caballero Charles,"Arenal, Humberto",princesas_y_castillos,Fernandoefg/cuentos_es
cuento_0015.txt,El rey negro,"Arreola, Juan José",princesas_y_castillos,Fernandoefg/cuentos_es
cuento_0016.txt,Noche de Reyes,"Aub, Max",princesas_y_castillos,Fernandoefg/cuentos_es
cuento_0017.txt,Lo que lleva el rey Gaspar,Azorín,princesas_y_castillos,Fernandoefg/cuentos_es
cuento_0018.txt,El rey,"Babel, Isaac",princesas_y_castillos,Fernandoefg/cuentos_es
cuento_0019.txt,La doncella de Tilhouze,"Balzac, Honoré de",princesas_y_castillos,Fernandoefg/cuentos_es
cuento_0020.txt,Tute de reyes,"Benítez Rojo, Antonio",princesas_y_castillos,Fernandoefg/cuentos_es
cuento_0021.txt,De los reyes futuros,"Bioy Casares, Adolfo",princesas_y_castillos,Fernandoefg/cuentos_es
cuento_0022.txt,El Palacio,"Borges, Jorge Luis",princesas_y_castillos,Fernandoefg/cuentos_es
cuento_0023.txt,Los dos reyes y los dos laberintos,"Borges, Jorge Luis",princesas_y_castillos,Fernandoefg/cuentos_es
cuento_0024.txt,Dragón,"Bradbury, Ray",princesas_y_castillos,Fernandoefg/cuentos_es
cuento_0025.txt,Algunas indicaciones útiles a dos auténticos caballeros,"Buzzati, Dino",princesas_y_castillos,Fernandoefg/cuentos_es
cuento_0026.txt,El rey en Horm el-Hagar,"Buzzati, Dino",princesas_y_castillos,Fernandoefg/cuentos_es
cuento_0027.txt,La muerte del dragón,"Buzzati, Dino",princesas_y_castillos,Fernandoefg/cuentos_es
cuento_0028.txt,Los caballeros del pez,"Caballero, Fernán",princesas_y_castillos,Fernandoefg/cuentos_es
cuento_0029.txt,El sueño del rey,"Carroll, Lewis",princesas_y_castillos,Fernandoefg/cuentos_es
cuento_0030.txt,El sueño del rey II,"Carroll, Lewis",princesas_y_castillos,Fernandoefg/cuentos_es
cuento_0031.txt,Las dos doncellas,"Cervantes, Miguel de",princesas_y_castillos,Fernandoefg/cuentos_es
cuento_0032.txt,La princesa,"Chejov, Anton",princesas_y_castillos,Fernandoefg/cuentos_es
cuento_0033.txt,Los pecados del príncipe Saradine,"Chesterton, G.K.",princesas_y_castillos,Fernandoefg/cuentos_es
cuento_0034.txt,El caso de la doncella perfecta,"Christie, Agatha",princesas_y_castillos,Fernandoefg/cuentos_es
cuento_0035.txt,El rey del trébol,"Christie, Agatha",princesas_y_castillos,Fernandoefg/cuentos_es
cuento_0036.txt,El príncipe Román,"Conrad, Joseph",princesas_y_castillos,Fernandoefg/cuentos_es
cuento_0037.txt,Freya de las siete islas,"Conrad, Joseph",princesas_y_castillos,Fernandoefg/cuentos_es
cuento_0038.txt,El palacio del sol,"Darío, Rubén",princesas_y_castillos,Fernandoefg/cuentos_es
cuento_0039.txt,El rey burgués,"Darío, Rubén",princesas_y_castillos,Fernandoefg/cuentos_es
cuento_0040.txt,El velo de la reina Mab,"Darío, Rubén",princesas_y_castillos,Fernandoefg/cuentos_es
cuento_0041.txt,La muerte de la emperatriz de la China,"Darío, Rubén",princesas_y_castillos,Fernandoefg/cuentos_es
cuento_0042.txt,Las hadas de Francia,"Daudet, Alphonse",princesas_y_castillos,Fernandoefg/cuentos_es
cuento_0043.txt,Desastroso fin de los tres Reyes Magos,"Denevi, Marco",princesas_y_castillos,Fernandoefg/cuentos_es
cuento_0044.txt,El emperador de China,"Denevi, Marco",princesas_y_castillos,Fernandoefg/cuentos_es
cuento_0045.txt,La bella durmiente del bosque y el príncipe,"Denevi, Marco",princesas_y_castillos,Fernandoefg/cuentos_es
cuento_0046.txt,La reina virgen,"Denevi, Marco",princesas_y_castillos,Fernandoefg/cuentos_es
cuento_0047.txt,"Don Rafa, caballero del machete","Díaz Alfaro, Abelardo",princesas_y_castillos,Fernandoefg/cuentos_es
cuento_0048.txt,La corona de berilos,"Doyle, Arthur Conan",princesas_y_castillos,Fernandoefg/cuentos_es
cuento_0049.txt,La peña del dragón,"Dumas, Alexandre (padre)",princesas_y_castillos,Fernandoefg/cuentos_es
cuento_0050.txt,Los caballeros templarios,"Dumas, Alexandre (padre)",princesas_y_castillos,Fernandoefg/cuentos_es
cuento_0051.txt,¡Si yo fuera rey!,"Echegaray, José",princesas_y_castillos,Fernandoefg/cuentos_es
cuento_0052.txt,El buen rey león,Esopo,princesas_y_castillos,Fernandoefg/cuentos_es
cuento_0053.txt,La zorra y el mono coronado rey,Esopo,princesas_y_castillos,Fernandoefg/cuentos_es
cuento_0054.txt,Las ranas pidiendo rey,Esopo,princesas_y_castillos,Fernandoefg/cuentos_es
cuento_0055.txt,Hubo una reina,"Faulkner, William",princesas_y_castillos,Fernandoefg/cuentos_es
cuento_0056.txt,El palacio de hielo,"Fitzgerald, F. Scott",princesas_y_castillos,Fernandoefg/cuentos_es
cuento_0057.txt,Rags Martin-Jones y el príncipe de Gales,"Fitzgerald, F. Scott",princesas_y_castillos,Fernandoefg/cuentos_es
cuento_0058.txt,Por qué Maruja no cree en los reyes magos,"Francés, José",princesas_y_castillos,Fernandoefg/cuentos_es
cuento_0059.txt,La muñeca reina,"Fuentes, Carlos",princesas_y_castillos,Fernandoefg/cuentos_es
cuento_0060.txt,La corona de Fredegunda,"Garro, Elena",princesas_y_castillos,Fernandoefg/cuentos_es
cuento_0061.txt,El caballero doble,"Gautier, Théophile",princesas_y_castillos,Fernandoefg/cuentos_es
cuento_0062.txt,El rey,"Gibrán, Gibrán Jalil",princesas_y_castillos,Fernandoefg/cuentos_es
cuento_0063.txt,El rey sabio,"Gibrán, Gibrán Jalil",princesas_y_castillos,Fernandoefg/cuentos_es
cuento_0064.txt,Las dos princesas,"Gibrán, Gibrán Jalil",princesas_y_castillos,Fernandoefg/cuentos_es
cuento_0065.txt,El tapiz del virrey,"Gómez Valderrama, Pedro",princesas_y_castillos,Fernandoefg/cuentos_es
cuento_0066.txt,Los invisibles caballeros japoneses,"Greene, Graham",princesas_y_castillos,Fernandoefg/cuentos_es
cuento_0067.txt,La abeja reina,"Grimm, Hermanos",princesas_y_castillos,Fernandoefg/cuentos_es
cuento_0068.txt,"Dios les conserve la alegría, caballeros","Hemingway, Ernest",princesas_y_castillos,Fernandoefg/cuentos_es
cuento_0069.txt,Dos caballeros el día de Acción de Gracias,"Henry, O.",princesas_y_castillos,Fernandoefg/cuentos_es
cuento_0070.txt,El regalo de los Reyes Magos,"Henry, O.",princesas_y_castillos,Fernandoefg/cuentos_es
cuento_0071.txt,La princesa y el puma,"Henry, O.",princesas_y_castillos,Fernandoefg/cuentos_es
cuento_0072.txt,Un príncipe del Chaparral,"Henry, O.",princesas_y_castillos,Fernandoefg/cuentos_es
cuento_0073.txt,El caballero sobre el hielo,"Hesse, Hermann",princesas_y_castillos,Fernandoefg/cuentos_es
cuento_0074.txt,El rey Yu,"Hesse, Hermann",princesas_y_castillos,Fernandoefg/cuentos_es
cuento_0075.txt,La leyenda del rey indio,"Hesse, Hermann",princesas_y_castillos,Fernandoefg/cuentos_es
cuento_0076.txt,El Palacio de la Alhambra,"Irving, Washington",princesas_y_castillos,Fernandoefg/cuentos_es
cuento_0077.txt,De Grey: un relato romántico,"James, Henry",princesas_y_castillos,Fernandoefg/cuentos_es
cuento_0078.txt,La gemela de la reina,"Jewett, Sarah Orne",princesas_y_castillos,Fernandoefg/cuentos_es
cuento_0079.txt,El hombre que pudo ser rey,"Kipling, Rudyard",princesas_y_castillos,Fernandoefg/cuentos_es
cuento_0080.txt,La princesa de Montpensier,"La Fayette, Madame de",princesas_y_castillos,Fernandoefg/cuentos_es
cuento_0081.txt,El dragón de muchas cabezas y el de muchas colas,"La Fontaine, Jean de",princesas_y_castillos,Fernandoefg/cuentos_es
cuento_0082.txt,El ratón metamorfoseado en doncella,"La Fontaine, Jean de",princesas_y_castillos,Fernandoefg/cuentos_es
cuento_0083.txt,Las ranas pidiendo rey,"La Fontaine, Jean de",princesas_y_castillos,Fernandoefg/cuentos_es
cuento_0084.txt,La muerte del rey de Francia,"Landolfi, Tommaso",princesas_y_castillos,Fernandoefg/cuentos_es
cuento_0085.txt,La princesa,"Lawrence, D. H.",princesas_y_castillos,Fernandoefg/cuentos_es
cuento_0086.txt,El príncipe Fatal y el príncipe Fortuné,Le Prince de Beaumont,princesas_y_castillos,Fernandoefg/cuentos_es
cuento_0087.txt,La hija del rey Dragón,Li Chaowei,princesas_y_castillos,Fernandoefg/cuentos_es
cuento_0088.txt,El rey de los griegos,"London, Jack",princesas_y_castillos,Fernandoefg/cuentos_es
cuento_0089.txt,El vagabundo y el hada,"London, Jack",princesas_y_castillos,Fernandoefg/cuentos_es
cuento_0090.txt,La princesa,"London, Jack",princesas_y_castillos,Fernandoefg/cuentos_es
cuento_0091.txt,Una nariz para el rey,"London, Jack",princesas_y_castillos,Fernandoefg/cuentos_es
cuento_0092.txt,Cuento para la noche de Reyes,"Lorrain, Jean",princesas_y_castillos,Fernandoefg/cuentos_es
cuento_0093.txt,La princesa de las azucenas rojas,"Lorrain, Jean",princesas_y_castillos,Fernandoefg/cuentos_es
cuento_0094.txt,El castillo de la Bella Durmiente,"Loti, Pierre",princesas_y_castillos,Fernandoefg/cuentos_es
cuento_0095.txt,Cuento de hadas suburbano,"Mansfield, Katherine",princesas_y_castillos,Fernandoefg/cuentos_es
cuento_0096.txt,La doncella y la señora,"Mansfield, Katherine",princesas_y_castillos,Fernandoefg/cuentos_es
cuento_0097.txt,Retrato de un caballero,"Maugham, W. Somerset",princesas_y_castillos,Fernandoefg/cuentos_es
cuento_0098.txt,Los reyes,"Maupassant, Guy de",princesas_y_castillos,Fernandoefg/cuentos_es
cuento_0099.txt,Madame Zilensky y el rey de Finlandia,"McCullers, Carson",princesas_y_castillos,Fernandoefg/cuentos_es
cuento_0100.txt,El paraíso de los solteros y el tártaro de las doncellas,"Melville, Herman",princesas_y_castillos,Fernandoefg/cuentos_es
cuento_0101.txt,Crónica del reinado de Carlos IX,"Mérimée, Próspero",princesas_y_castillos,Fernandoefg/cuentos_es
cuento_0102.txt,El embrujo del Rey (1699),"Mujica Lainez, Manuel",princesas_y_castillos,Fernandoefg/cuentos_es
cuento_0103.txt,La adoración de los Reyes Magos (1822),"Mujica Lainez, Manuel",princesas_y_castillos,Fernandoefg/cuentos_es
cuento_0104.txt,La enamorada del pequeño dragón (1584),"Mujica Lainez, Manuel",princesas_y_castillos,Fernandoefg/cuentos_es
cuento_0105.txt,La princesa de Hungría (1802),"Mujica Lainez, Manuel",princesas_y_castillos,Fernandoefg/cuentos_es
cuento_0106.txt,"Nube, castillo, lago","Nabokov, Vladimir",princesas_y_castillos,Fernandoefg/cuentos_es
cuento_0107.txt,Un cuento de hadas,"Nabokov, Vladimir",princesas_y_castillos,Fernandoefg/cuentos_es
cuento_0108.txt,El caballero orondo,"O'Hara, John",princesas_y_castillos,Fernandoefg/cuentos_es
cuento_0109.txt,Historia del caballero de la rosa y de la virgen encinta que vino de Liliput,"Onetti, Juan Carlos",princesas_y_castillos,Fernandoefg/cuentos_es
cuento_0110.txt,El virrey de los milagros,"Palma, Ricardo",princesas_y_castillos,Fernandoefg/cuentos_es
cuento_0111.txt,Los caballeros de la capa,"Palma, Ricardo",princesas_y_castillos,Fernandoefg/cuentos_es
cuento_0112.txt,La última visita del Caballero Enfermo,"Papini, Giovanni",princesas_y_castillos,Fernandoefg/cuentos_es
cuento_0113.txt,Cuentos de Navidad y Reyes (18 cuentos),"Pardo Bazán, Emilia",princesas_y_castillos,Fernandoefg/cuentos_es
cuento_0114.txt,El palacio de Artasar,"Pardo Bazán, Emilia",princesas_y_castillos,Fernandoefg/cuentos_es
cuento_0115.txt,El palacio frío,"Pardo Bazán, Emilia",princesas_y_castillos,Fernandoefg/cuentos_es
cuento_0116.txt,La almohada,"Pardo Bazán, Emilia",princesas_y_castillos,Fernandoefg/cuentos_es
cuento_0117.txt,La visión de los Reyes Magos,"Pardo Bazán, Emilia",princesas_y_castillos,Fernandoefg/cuentos_es
cuento_0118.txt,El republicano y los reyes magos,"Pemán, José María",princesas_y_castillos,Fernandoefg/cuentos_es
cuento_0119.txt,Las hadas,"Perrault, Charles",princesas_y_castillos,Fernandoefg/cuentos_es
cuento_0120.txt,La corona,"Pirandello, Luigi",princesas_y_castillos,Fernandoefg/cuentos_es
cuento_0121.txt,El duque de l’Omelette,"Poe, Edgar Allan",princesas_y_castillos,Fernandoefg/cuentos_es
cuento_0122.txt,La princesa bizantina,"Quiroga, Horacio",princesas_y_castillos,Fernandoefg/cuentos_es
cuento_0123.txt,El sombrero del rey de Tibotú,"Romero de Terreros, Manuel",princesas_y_castillos,Fernandoefg/cuentos_es
cuento_0124.txt,El pensil sobre el Yang Tse o la hija del emperador,"Sánchez Ferlosio, Rafael",princesas_y_castillos,Fernandoefg/cuentos_es
cuento_0125.txt,Pocahontas: Princesa,"Schwob, Marcel",princesas_y_castillos,Fernandoefg/cuentos_es
cuento_0126.txt,El castillo del arsénico,"Simenon, Georges",princesas_y_castillos,Fernandoefg/cuentos_es
cuento_0127.txt,La duquesa de Palliano,Stendhal,princesas_y_castillos,Fernandoefg/cuentos_es
cuento_0128.txt,El país de las hadas,"Tagore, Rabindranath",princesas_y_castillos,Fernandoefg/cuentos_es
cuento_0129.txt,Una desdichada,"Turgueniev, Iván",princesas_y_castillos,Fernandoefg/cuentos_es
cuento_0130.txt,El gran Duque-Pastor,"Unamuno, Miguel de",princesas_y_castillos,Fernandoefg/cuentos_es
cuento_0131.txt,El rey Zamuro,"Uslar Pietri, Arturo",princesas_y_castillos,Fernandoefg/cuentos_es
cuento_0132.txt,El caballero de Azor,"Valera, Juan",princesas_y_castillos,Fernandoefg/cuentos_es
cuento_0133.txt,Los rústicos caballeros,"Verga, Giovanni",princesas_y_castillos,Fernandoefg/cuentos_es
cuento_0134.txt,El duque de Portland,Villiers de L'Isle Adam,princesas_y_castillos,Fernandoefg/cuentos_es
cuento_0135.txt,La reina Isabel,Villiers de L'Isle Adam,princesas_y_castillos,Fernandoefg/cuentos_es
cuento_0136.txt,La princesa de Babilonia,Voltaire,princesas_y_castillos,Fernandoefg/cuentos_es
cuento_0137.txt,Mr. Skelmersdale en el país de las hadas,"Wells, H.G.",princesas_y_castillos,Fernandoefg/cuentos_es
cuento_0138.txt,La duquesa está rezando,"Wharton, Edith",princesas_y_castillos,Fernandoefg/cuentos_es
cuento_0139.txt,El cumpleaños de la infanta,"Wilde, Oscar",princesas_y_castillos,Fernandoefg/cuentos_es
cuento_0140.txt,El joven rey,"Wilde, Oscar",princesas_y_castillos,Fernandoefg/cuentos_es
cuento_0141.txt,El príncipe feliz,"Wilde, Oscar",princesas_y_castillos,Fernandoefg/cuentos_es
cuento_0142.txt,La duquesa y el joyero,"Woolf, Virginia",princesas_y_castillos,Fernandoefg/cuentos_es
cuento_0143.txt,Leo y el Libro del Rey León,Anonimo,princesas_y_castillos,Kaggle
cuento_0144.txt,La princesa que amaba arreglar coches,Anonimo,princesas_y_castillos,Kaggle
cuento_0145.txt,Los constructores de castillos de arena,Anonimo,princesas_y_castillos,Kaggle
cuento_0146.txt,La maldición del dragón de Jade,Anonimo,princesas_y_castillos,Kaggle
cuento_0147.txt,Robots y caballos mecedores,Anonimo,princesas_y_castillos,Kaggle
cuento_0148.txt,Dragón gruñón de la princesa Lily,Anonimo,princesas_y_castillos,Kaggle
cuento_0149.txt,La maldición del dragón de Jade,Anonimo,princesas_y_castillos,Kaggle
cuento_0150.txt,El aprendiz de la bruja,Anonimo,princesas_y_castillos,Kaggle
cuento_0151.txt,Caminar demasiado cerca del set de swing,Anonimo,princesas_y_castillos,Kaggle
cuento_0152.txt,El Juego de Clase y la Princesa 'Perfecta',Anonimo,princesas_y_castillos,Kaggle
cuento_0153.txt,Escoger flores desconocidas,Anonimo,princesas_y_castillos,Kaggle
cuento_0154.txt,Peeking en las macetas,Anonimo,princesas_y_castillos,Kaggle
cuento_0155.txt,Mecánica y fabricación de cupcakes,Anonimo,princesas_y_castillos,Kaggle
cuento_0156.txt,El secreto del festival de las cometas de dragones,Anonimo,princesas_y_castillos,Kaggle
cuento_0157.txt,Tommy el Talking Tubs,Anonimo,princesas_y_castillos,Kaggle
cuento_0158.txt,La maldición del dragón de Jade,Anonimo,princesas_y_castillos,Kaggle
cuento_0159.txt,La maldición de la máscara del emperador de Jade,Anonimo,princesas_y_castillos,Kaggle
cuento_0160.txt,Fifi el Hada de la Seguridad contra Incendios,Anonimo,princesas_y_castillos,Kaggle
cuento_0161.txt,El Caballero Cobarde,Anonimo,princesas_y_castillos,Kaggle
cuento_0162.txt,El error de hornear,Anonimo,princesas_y_castillos,Kaggle
cuento_0163.txt,El Gambito de la Hija del Rey,Anonimo,princesas_y_castillos,Kaggle
cuento_0164.txt,La Cueva Secreta del Rey de la Montaña,Anonimo,princesas_y_castillos,Kaggle
cuento_0165.txt,El mecánico de la nave estelar y el príncipe extranjero,Anonimo,princesas_y_castillos,Kaggle
cuento_0166.txt,La princesa Penélope y el príncipe perfecto,Anonimo,princesas_y_castillos,Kaggle
cuento_0167.txt,El perro que habla y la abeja de ortografía,Anonimo,princesas_y_castillos,Kaggle
cuento_0168.txt,El tesoro del dragón y la elección de la princesa,Anonimo,princesas_y_castillos,Kaggle
cuento_0169.txt,El campeón de la cocción,Anonimo,princesas_y_castillos,Kaggle
cuento_0170.txt,El sendero de senderismo oculto y el heroico sabueso,Anonimo,princesas_y_castillos,Kaggle
cuento_0171.txt,El bosque encantado y el hada perdida,Anonimo,princesas_y_castillos,Kaggle
cuento_0172.txt,Penny la princesa de Penny-Wise,Anonimo,princesas_y_castillos,Kaggle
cuento_0173.txt,El búho sonámbulo,Anonimo,princesas_y_castillos,Kaggle
cuento_0174.txt,El polo tótem que habla,Anonimo,princesas_y_castillos,Kaggle
cuento_0175.txt,El misterio de las joyas de la Corona perdidas,Anonimo,princesas_y_castillos,Kaggle
cuento_0176.txt,Cuidando del abuelo,Anonimo,princesas_y_castillos,Kaggle
cuento_0177.txt,El peso de la corona,Anonimo,princesas_y_castillos,Kaggle
cuento_0178.txt,Caballero amable Kevin,Anonimo,princesas_y_castillos,Kaggle
cuento_0179.txt,El tren que habla y no puede subir las colinas,Anonimo,princesas_y_castillos,Kaggle
cuento_0180.txt,Vestidos de princesa y trajes de caballero,Anonimo,princesas_y_castillos,Kaggle
cuento_0181.txt,El viaje de senderismo y el camino peligroso,Anonimo,princesas_y_castillos,Kaggle
cuento_0182.txt,El peso de la corona,Anonimo,princesas_y_castillos,Kaggle
cuento_0183.txt,El chico que se hizo amigo de un dragón,Anonimo,princesas_y_castillos,Kaggle
cuento_0184.txt,La mochila de viaje en el tiempo y la incursión vikinga,Anonimo,princesas_y_castillos,Kaggle
cuento_0185.txt,El Castillo de Hielo derretido,Anonimo,princesas_y_castillos,Kaggle
cuento_0186.txt,La raza del barco Dragón y el tifón,Anonimo,princesas_y_castillos,Kaggle
cuento_0187.txt,La maldita corona de Eldoria,Anonimo,princesas_y_castillos,Kaggle
cuento_0188.txt,La maldición vikinga de piedra runa,Anonimo,princesas_y_castillos,Kaggle
cuento_0189.txt,El dragón del tarro de galletas,Anonimo,princesas_y_castillos,Kaggle
cuento_0190.txt,El Club de Cocina,Anonimo,princesas_y_castillos,Kaggle
cuento_0191.txt,La hormiga que amaba mirar hacia arriba,Anonimo,princesas_y_castillos,Kaggle
cuento_0192.txt,El Reino de Coral's Plea,Anonimo,princesas_y_castillos,Kaggle
cuento_0193.txt,El campamento de clase y la catástrofe de la cocina,Anonimo,princesas_y_castillos,Kaggle
cuento_0194.txt,El fantasma de la raza del barco Dragón,Anonimo,princesas_y_castillos,Kaggle
cuento_0195.txt,Escoger las píldoras brillantes,Anonimo,princesas_y_castillos,Kaggle
cuento_0196.txt,Polly la princesa pudding,Anonimo,princesas_y_castillos,Kaggle
cuento_0197.txt,El interruptor de código,Anonimo,princesas_y_castillos,Kaggle
cuento_0198.txt,La Escala Perdida del Dragón,Anonimo,princesas_y_castillos,Kaggle
cuento_0199.txt,El desastre de la danza del dragón del año nuevo chino,Anonimo,princesas_y_castillos,Kaggle
cuento_0200.txt,El secreto del Dragón de Jade,Anonimo,princesas_y_castillos,Kaggle
cuento_0201.txt,El Caballero Valiente,Anonimo,princesas_y_castillos,Kaggle
cuento_0202.txt,El perro ladrador,Anonimo,princesas_y_castillos,Kaggle
cuento_0203.txt,La princesa de fuego,Anonimo,princesas_y_castillos,Cuentos para Dormir
cuento_0204.txt,La Bella Duermiente,Hermanos Grimm ,princesas_y_castillos,Cuentos para Dormir
cuento_0205.txt,"Goldi, una princesa diferente",Anonimo,princesas_y_castillos,Cuentos para Dormir
cuento_0206.txt,El viaje de las hijas del sultán,Anonimo,princesas_y_castillos,Cuentos para Dormir
cuento_0207.txt,¿Y si no fueron felices y se hartaron de perdices?,Anonimo,princesas_y_castillos,Cuentos para Dormir
cuento_0208.txt,Gorg el gigante,Anonimo,princesas_y_castillos,Cuentos para Dormir
cuento_0209.txt,La joven del bello rostro,Anonimo,princesas_y_castillos,Cuentos para Dormir
cuento_0210.txt,La invitación para el Gran Baile,Anonimo,princesas_y_castillos,Cuentos para Dormir
cuento_0211.txt,Las 7 princesas encerradas,Anonimo,princesas_y_castillos,Cuentos para Dormir
cuento_0212.txt,Atrapados en Tururulandia,Anonimo,princesas_y_castillos,cuentos para Dormir
cuento_0213.txt,Las princesas del lago,Anonimo,princesas_y_castillos,Cuentos para Dormir
cuento_0214.txt,La princesa de Floripitín,Anonimo,princesas_y_castillos,Cuentos para Dormir
cuento_0215.txt,La princesa sin palacio,Anonimo,princesas_y_castillos,Cuentos para Dormir
cuento_0216.txt,El caso de Yonohago Kaso,Anonimo,princesas_y_castillos,Cuentos para Dormir
cuento_0217.txt,Palacio a la fuga,Anonimo,princesas_y_castillos,Cuentos para Dormir
cuento_0218.txt,La grandeza de un rey,Anonimo,princesas_y_castillos,Cuentos para Dormir
cuento_0219.txt,El Gran Palacio de la Mentira,Anonimo,princesas_y_castillos,Cuentos para Dormir
cuento_0220.txt,El niño valiente y el fantasma multicolor,Anonimo,princesas_y_castillos,Cuentos para Dormir
cuento_0221.txt,Una flor al día,Anonimo,princesas_y_castillos,Cuentos para Dormir
cuento_0222.txt,El mejor guerrero del mundo,Anonimo,princesas_y_castillos,Cuentos para Dormir
cuento_0223.txt,Eduardo y el dragón,Anonimo,princesas_y_castillos,Cuentos para dormir
cuento_0224.txt,El príncipe respetuoso y los enanos,Anonimo,princesas_y_castillos,Cuentos para Dormir
cuento_0225.txt,El rey desaparecido,Anonimo,princesas_y_castillos,Cuentos para Dormir
cuento_0226.txt,"Adalina, el hada sin alas",Anonimo,princesas_y_castillos,Cuentos para Dormir
cuento_0227.txt,El castigo más tonto,Anonimo,princesas_y_castillos,Cuentos para Dormir
cuento_0228.txt,Un enfado incontrolable,Anonimo,princesas_y_castillos,Cuentos para Dormir
cuento_0229.txt,La grandeza de un rey,Anonimo,princesas_y_castillos,Cuentos para Dormir
cuento_0230.txt,La espada pacifista,Anonimo,princesas_y_castillos,Cuentos para Dormir
cuento_0231.txt,La economía de la sonrisa,Anonimo,princesas_y_castillos,Cuentos para Dormir
cuento_0232.txt,El dragón nube,Anonimo,princesas_y_castillos,Cuentos para Dormir
cuento_0233.txt,Las obras del reino,Anonimo,princesas_y_castillos,Cuentos para Dormir
cuento_0234.txt,El niño que casi fue principe,Anonimo,princesas_y_castillos,Cuentos para Dormir
cuento_0235.txt,El príncipe Lapio,Anonimo,princesas_y_castillos,Cuentos para Dormir
cuento_0236.txt,El príncipe malvado,Anonimo,princesas_y_castillos,Cuentos para Dormir
cuento_0237.txt,El príncipe y el juguetero,Anonimo,princesas_y_castillos,Cuentos para Dormir
cuento_0238.txt,La princesa y el guisante,Hans Christian Andersen,princesas_y_castillos,Arbolabc
cuento_0239.txt,El regalo de la princesa,Carolyn Sherwin Bailey,princesas_y_castillos,Arbolabc
cuento_0240.txt,La princesa y la sal,Paola Artmann,princesas_y_castillos,Arbolabc
cuento_0241.txt,Cuento de Blancanieves (adaptación corta),Paola Artmann,princesas_y_castillos,Arbolabc
cuento_0242.txt,Cuento de la cenicienta (adaptación corta),Paola Artmann,princesas_y_castillos,Arbolabc
cuento_0243.txt,Cuento de Rapunzel (adaptación corta),Paola Artmann,princesas_y_castillos,Arbolabc
cuento_0244.txt,Cuento de la bella durmiente (adaptación corta),Paola Artmann,princesas_y_castillos,Arbolabc
cuento_0245.txt,Cuento de la bella y la bestia (adaptación corta),Paola Artmann,princesas_y_castillos,Arbolabc
cuento_0246.txt,El príncipe rana,Paola Artmann,princesas_y_castillos,Arbolabc
cuento_0247.txt,Las 12 princesas bailarinas,Paola Artmann,princesas_y_castillos,Arbolabc
cuento_0248.txt,El príncipe y la sandía,Leyenda de Vietnam,princesas_y_castillos,Arbolabc
cuento_0249.txt,Aladino y la lámpara maravillosa,Paola Artmann,princesas_y_castillos,Arbolabc
cuento_0250.txt,El gato con botas,Paola Artmann,princesas_y_castillos,Arbolabc
cuento_0251.txt,La princesa y el reloj de las buenas noches,Anonimo,princesas_y_castillos,Humana-baby Guía para padres
cuento_0252.txt,La princesa que tenia miedo a la oscuridad,Anonimo,princesas_y_castillos,Humana-baby Guía para padres
cuento_0253.txt,La princesa del jardín de las luces dormidas,Anonimo,princesas_y_castillos,Humana-baby Guía para padres
cuento_0254.txt,La princesa y el delfín rosa del río,Anonimo,princesas_y_castillos,Humana-baby Guía para padres
cuento_0255.txt,La princesa Violeta y el Picnic Prohibido,Anonimo,princesas_y_castillos,Humana-baby Guía para padres
cuento_0256.txt,El jardín de la princesa dormilona,Anonimo,princesas_y_castillos,Humana-baby Guía para padres
cuento_0257.txt,La princesa y el jazmín,Anonimo,princesas_y_castillos,Mundo Primaria
cuento_0258.txt,El rey Pico de Tordo,Anonimo,princesas_y_castillos,Mundo Primaria
cuento_0259.txt,La leyenda de la princesa Acafala,Anonimo,princesas_y_castillos,Mundo Primaria
cuento_0260.txt,El secreto del rey Maón,Anonimo,princesas_y_castillos,Mundo Primaria
cuento_0261.txt,El rey y el murciélago,Anonimo,princesas_y_castillos,Mundo Primaria
cuento_0262.txt,El agua de la vida,Anonimo,princesas_y_castillos,Mundo Primaria
cuento_0263.txt,El tambor de piel de piojo,Anonimo,princesas_y_castillos,Mundo Primaria
cuento_0264.txt,: La princesa y el mago malhumorado,Anonimo,princesas_y_castillos,Bosque de Fantasias
cuento_0265.txt,Cuento infantil: El hechizo de la princesa Isabel,Anonimo,princesas_y_castillos,Bosque de Fantasias
cuento_0266.txt,La princesa que tenía miedo a nadar,Anonimo,princesas_y_castillos,Bosque de Fantasias
cuento_0267.txt,No me quiero casar,Anonimo,princesas_y_castillos,Bosque de Fantasias
cuento_0268.txt,La consejera real,Anonimo,princesas_y_castillos,Bosque de Fantasias
cuento_0269.txt,El viaje de la princesa,Anonimo,princesas_y_castillos,Bosque de Fantasias
cuento_0270.txt,La princesa poderosa,Anonimo,princesas_y_castillos,Bosque de Fantasias
cuento_0271.txt,Cuento infantil: La princesa que no quería dormir,Anonimo,princesas_y_castillos,Bosque de Fantasias
cuento_0272.txt,El príncipe y el mendigo,Anonimo,princesas_y_castillos,Bosque de Fantasia
cuento_0273.txt,Pocahontas,Anonimo,princesas_y_castillos,Bosque de Fantasias
cuento_0274.txt,El traje nuevo del Emperador,Anonimo,princesas_y_castillos,Bosque de Fantasias
cuento_0275.txt,Elisa y los cisnes salvajes,Anonimo,princesas_y_castillos,Bosque de Fantasias
cuento_0276.txt,El ruiseñor y la princesa,Anonimo,princesas_y_castillos,Bosque de Fantasias
cuento_0277.txt,La niña y la princesa,Anonimo,princesas_y_castillos,Bosque de Fantasias
cuento_0278.txt,La princesa y su sonrisa mágica,Anonimo,princesas_y_castillos,Bosque de Fantasias
cuento_0279.txt,Ya no llores princesa,Anonimo,princesas_y_castillos,Bosque de Fantasias
cuento_0280.txt,La emperatriz y la seda,Anonimo,princesas_y_castillos,Bosque de Fantasia
cuento_0281.txt,La leyenda del rey Arturo,Anonimo,princesas_y_castillos,Bosque de Fantasias
cuento_0282.txt,El narrador de historias,Anonimo,princesas_y_castillos,Bosque de Fantasias
cuento_0283.txt,La torre del rey,Anonimo,princesas_y_castillos,Readmio
cuento_0284.txt,La verdadera princesa,Anonimo,princesas_y_castillos,Readmio
cuento_0285.txt,La princesa Solana,Anonimo,princesas_y_castillos,Redmio
cuento_0286.txt,El Reino de la Moda Cambiante,Anonimo,princesas_y_castillos,Children Stories Collection (Hugging Face)
cuento_0287.txt,La Reina Cleo y las Estrellas del Conocimiento,Anonimo,princesas_y_castillos,Children Stories Collection (Hugging Face)
cuento_0288.txt,Los Guardianes del Reino del Trabajo Feliz,Anonimo,princesas_y_castillos,Children Stories Collection (Hugging Face)
cuento_0289.txt,Los Reinos de la Empatía y la Fortaleza,Anonimo,princesas_y_castillos,Children Stories Collection (Hugging Face)
cuento_0290.txt,Elira y el Arcoíris de la Ciencia,Anonimo,princesas_y_castillos,Children Stories Collection (Hugging Face)
cuento_0291.txt,El Alcázar Mágico de Sevilla,Anonimo,princesas_y_castillos,Children Stories Collection (Hugging Face)
cuento_0292.txt,La Reina Sabia y el Cometa de la Concordia,Anonimo,princesas_y_castillos,Children Stories Collection (Hugging Face)
cuento_0293.txt,Pedro el Puercoespín y la Fiesta de los Mil Faroles,Desconocido,princesas_y_castillos,Children Stories Collection (Hugging Face)
cuento_0294.txt,El Príncipe Pedro y las Estrellas de Brasil,Desconocido,princesas_y_castillos,Children Stories Collection (Hugging Face)
cuento_0295.txt,La Reina Isabel y las Lecciones de la Corona,Desconocido,princesas_y_castillos,Children Stories Collection (Hugging Face)
cuento_0296.txt,El Rey Mohammad y el Secreto del Arcoíris,Desconocido,princesas_y_castillos,Children Stories Collection (Hugging Face)
cuento_0297.txt,El Rey Felipe y el Legado de las Generaciones,Desconocido,princesas_y_castillos,Children Stories Collection (Hugging Face)
cuento_0298.txt,El Rey Jaime y los Reinos del Mar,Desconocido,princesas_y_castillos,Children Stories Collection (Hugging Face)
cuento_0299.txt,La Princesa Emma y el Cometa de la Esperanza,Desconocido,princesas_y_castillos,Children Stories Collection (Hugging Face)
cuento_0300.txt,El Príncipe Juan y el Cielo Cambiante,Desconocido,princesas_y_castillos,Children Stories Collection (Hugging Face)
cuento_0301.txt,El Príncipe Alejandro y el Honor de Polonia,Desconocido,princesas_y_castillos,Children Stories Collection (Hugging Face)
cuento_0302.txt,"El Príncipe Pedro, la Princesa María y el Cielo Violeta",Desconocido,princesas_y_castillos,Children Stories Collection (Hugging Face)
cuento_0303.txt,La Princesa Le y los Secretos de la Selva,Desconocido,princesas_y_castillos,Children Stories Collection (Hugging Face)
cuento_0304.txt,El Rey Eduardo y el Castillo de la Unión,Desconocido,princesas_y_castillos,Children Stories Collection (Hugging Face)
cuento_0305.txt,La Princesa Rosita y el Príncipe de Hielo,Desconocido,princesas_y_castillos,Children Stories Collection (Hugging Face)
cuento_0306.txt,La Princesa Pimentón y el Reino de las Especias,Desconocido,princesas_y_castillos,Children Stories Collection (Hugging Face)
cuento_0307.txt,Lily y el Guardián del Louvre,Desconocido,princesas_y_castillos,Children Stories Collection (Hugging Face)
cuento_0308.txt,"Mía, Lucas y el Secreto del Castillo de Wawel",Desconocido,princesas_y_castillos,Children Stories Collection (Hugging Face)
cuento_0309.txt,La Reina Juliana y el Viento de los Cambios,Desconocido,princesas_y_castillos,Children Stories Collection (Hugging Face)
cuento_0310.txt,La Reina Cindy y el Dragón de la Inclusión,Desconocido,princesas_y_castillos,Children Stories Collection (Hugging Face)
cuento_0311.txt,La Princesa Lily y los Últimos Unicornios,Desconocido,princesas_y_castillos,Children Stories Collection (Hugging Face)
cuento_0312.txt,Los Caballeros del Libro del Reino,Desconocido,princesas_y_castillos,Children Stories Collection (Hugging Face)
cuento_0313.txt,"""Ella y el Misterio del Zapato de Cristal",Desconocido,princesas_y_castillos,Children Stories Collection (Hugging Face)
cuento_0314.txt,La Princesa Pure y las Burbujas Mágicas del Reino,Desconocido,princesas_y_castillos,Children Stories Collection (Hugging Face)
cuento_0315.txt,El Príncipe Simba y el Legado del Rey Mufasa,Desconocido,princesas_y_castillos,Children Stories Collection (Hugging Face)
cuento_0316.txt,La Princesa Petunia y el Mensajero de las Estrellas,Desconocido,princesas_y_castillos,Children Stories Collection (Hugging Face)
cuento_0317.txt,La Princesa Insulina y el Reino del Equilibrio,Desconocido,princesas_y_castillos,Children Stories Collection (Hugging Face)
cuento_0318.txt,La Princesa Insulina y los Guardianes de Bodilandia,Desconocido,princesas_y_castillos,Children Stories Collection (Hugging Face)
cuento_0319.txt,El Príncipe Alberto y la Feria de los Sueños,Desconocido,princesas_y_castillos,Children Stories Collection (Hugging Face)
cuento_0320.txt,La Princesa Mira y los Vientos del Cielo,Desconocido,princesas_y_castillos,Children Stories Collection (Hugging Face)
cuento_0321.txt,El Castillo de Buda y los Tesoros del Tiempo,Desconocido,princesas_y_castillos,Children Stories Collection (Hugging Face)
cuento_0322.txt,El Príncipe Roger y las Dos Espadas Doradas,Desconocido,princesas_y_castillos,Children Stories Collection (Hugging Face)
cuento_0323.txt,"María, Juan y el Ducado del Palacio Real",Desconocido,princesas_y_castillos,Children Stories Collection (Hugging Face)
cuento_0324.txt,La Reina Constanza y el Gran Baile de la Diversidad,Desconocido,princesas_y_castillos,Children Stories Collection (Hugging Face)
cuento_0325.txt,La Princesa Ariadna y el Laberinto del Minotauro,Desconocido,princesas_y_castillos,Children Stories Collection (Hugging Face)
cuento_0326.txt,Los Príncipes de Buckingham y el Tesoro de Windsor,Desconocido,princesas_y_castillos,Children Stories Collection (Hugging Face)
cuento_0327.txt,El Príncipe Smartie y la Princesa Sparkle en la Academia Real de Psicología,Desconocido,princesas_y_castillos,Children Stories Collection (Hugging Face)
cuento_0328.txt,La Princesa Meera y la Unión de los Reinos,Desconocido,princesas_y_castillos,Children Stories Collection (Hugging Face)
cuento_0329.txt,"Oxy, Deoxy y el Castillo Corazón",Desconocido,princesas_y_castillos,Children Stories Collection (Hugging Face)
cuento_0330.txt,"El Príncipe Guillermo, la Princesa María y la Revolución Gloriosa",Desconocido,princesas_y_castillos,Children Stories Collection (Hugging Face)
cuento_0331.txt,El Rey Harold y la Llegada de Guillermo el Conquistador,Desconocido,princesas_y_castillos,Children Stories Collection (Hugging Face)
cuento_0332.txt,El Príncipe Montaña Rusa y la Princesa Carrusel,Desconocido,princesas_y_castillos,Children Stories Collection (Hugging Face)
cuento_0333.txt,"La Reina Ana, el Príncipe Jorge y el Jardín de las Mariposas",Desconocido,princesas_y_castillos,Children Stories Collection (Hugging Face)
cuento_0334.txt,"Ahmad, Fátima y el Castillo de Siria",Desconocido,princesas_y_castillos,Children Stories Collection (Hugging Face)
cuento_0335.txt,El Príncipe Hamlet y el Fantasma del Castillo,Desconocido,princesas_y_castillos,Children Stories Collection (Hugging Face)
cuento_0336.txt,"El Rey Valiente, la Reina Sabia y el Monstruo del Reino",Desconocido,princesas_y_castillos,Children Stories Collection (Hugging Face)
cuento_0337.txt,La Princesa Catalina y el Nacimiento del Ballet,Desconocido,princesas_y_castillos,Children Stories Collection (Hugging Face)
cuento_0338.txt,El Príncipe Harshwardhan y la Fortaleza de Devigarh,Desconocido,princesas_y_castillos,Children Stories Collection (Hugging Face)
cuento_0339.txt,La Princesa Lilly y el Secreto de Hollywoodia,Desconocido,princesas_y_castillos,Children Stories Collection (Hugging Face)
cuento_0340.txt,El Príncipe Luis y el Gran Palacio de Versalles,Desconocido,princesas_y_castillos,Children Stories Collection (Hugging Face)
cuento_0341.txt,Los Príncipes Ricardo y Eduardo durante la Gran Peste,Desconocido,princesas_y_castillos,Children Stories Collection (Hugging Face)
cuento_0342.txt,El Príncipe Eduardo y el Reino en Alerta,Desconocido,princesas_y_castillos,Children Stories Collection (Hugging Face)
cuento_0343.txt,El Rey Corazón y el Palacio de las Cuatro Cámaras,Desconocido,princesas_y_castillos,Children Stories Collection (Hugging Face)
cuento_0344.txt,La Princesa Ada y la Estrella de Fuego del Reino,Desconocido,princesas_y_castillos,Children Stories Collection (Hugging Face)
cuento_0345.txt,El Príncipe Enrique y los Monasterios del Reino,Desconocido,princesas_y_castillos,Children Stories Collection (Hugging Face)
cuento_0346.txt,Las Cuatro Princesas de la Energía y el Reino Renovable,Desconocido,princesas_y_castillos,Children Stories Collection (Hugging Face)
cuento_0347.txt,El Príncipe Pierre y el Jardín de Versalles,Desconocido,princesas_y_castillos,Children Stories Collection (Hugging Face)
cuento_0348.txt,La Princesa Petra y el Viaje de las Mil Aventuras,Desconocido,princesas_y_castillos,Children Stories Collection (Hugging Face)
cuento_0349.txt,La Princesa Sara y los Reinos Conectados,Desconocido,princesas_y_castillos,Children Stories Collection (Hugging Face)
cuento_0350.txt,La Princesa Lily y el Reino de las Flores Mágicas,Desconocido,princesas_y_castillos,Children Stories Collection (Hugging Face)
cuento_0351.txt,La Princesa Alejandra y el Misterioso Sanador del Palacio,Desconocido,princesas_y_castillos,Children Stories Collection (Hugging Face)
cuento_0352.txt,El Príncipe Jorge y la Máquina de Vapor Mágica,Desconocido,princesas_y_castillos,Children Stories Collection (Hugging Face)
cuento_0353.txt,La Princesa Victoria y el Cielo Azul,Desconocido,princesas_y_castillos,Children Stories Collection (Hugging Face)
cuento_0354.txt,La Princesa Náyade y el Regreso del Rey Odiseo,Desconocido,princesas_y_castillos,Children Stories Collection (Hugging Face)
cuento_0355.txt,La Princesa Abejita y el Sabio Guardián de las Leyes,Desconocido,princesas_y_castillos,Children Stories Collection (Hugging Face)
cuento_0356.txt,El Príncipe Leo y el Jardín del Castillo,Desconocido,princesas_y_castillos,Children Stories Collection (Hugging Face)
cuento_0357.txt,La Reina Diversidad y el Reino de los Mil Colores,Desconocido,princesas_y_castillos,Children Stories Collection (Hugging Face)
cuento_0358.txt,La Princesa Isabel y el Hospital del Castillo Real,Desconocido,princesas_y_castillos,Children Stories Collection (Hugging Face)
cuento_0359.txt,La Princesa Geografía y el Mapa de los Reinos Lejanos,Desconocido,princesas_y_castillos,Children Stories Collection (Hugging Face)
cuento_0360.txt,La Princesa Damaris y la Espada del Trono,Desconocido,princesas_y_castillos,Children Stories Collection (Hugging Face)
cuento_0361.txt,La Princesa Inclusiva y el Reino del Arcoíris,Desconocido,princesas_y_castillos,Children Stories Collection (Hugging Face)
cuento_0362.txt,La Princesa Fátima y el Sarcófago de Piedra Eterna,Desconocido,princesas_y_castillos,Children Stories Collection (Hugging Face)
cuento_0363.txt,La Princesa Algoritma y el Reino de la Inclusión,Desconocido,princesas_y_castillos,Children Stories Collection (Hugging Face)
cuento_0364.txt,La Princesa Leonor y la Corona de Dos Reinos,Desconocido,princesas_y_castillos,Children Stories Collection (Hugging Face)
cuento_0365.txt,La Princesa May y el Reino Dorado de Pinya,Desconocido,princesas_y_castillos,Children Stories Collection (Hugging Face)
cuento_0366.txt,La Princesa Annika y el Castillo de la Isla,Desconocido,princesas_y_castillos,Children Stories Collection (Hugging Face)
cuento_0367.txt,La Princesa Emily y el Libro Secreto de la Reina,Desconocido,princesas_y_castillos,Children Stories Collection (Hugging Face)
cuento_0368.txt,La Princesa Sofía y el Castillo de los Cuatro Programas Mágicos,Desconocido,princesas_y_castillos,Children Stories Collection (Hugging Face)
cuento_0369.txt,La Princesa Ana y el Reino de la Energía Mágica,Desconocido,princesas_y_castillos,Children Stories Collection (Hugging Face)
cuento_0370.txt,La Princesa Sita y el Reino de Lanka,Desconocido,princesas_y_castillos,Children Stories Collection (Hugging Face)
cuento_0371.txt,La Princesa Lily y la Rosa Encantada del Castillo,Desconocido,princesas_y_castillos,Children Stories Collection (Hugging Face)
cuento_0372.txt,La Princesa Sofía y el Castillo de las Escaleras Mágicas,Desconocido,princesas_y_castillos,Children Stories Collection (Hugging Face)
cuento_0373.txt,La Princesa Patty y el Reino de las Nubes Mágicas,Desconocido,princesas_y_castillos,Children Stories Collection (Hugging Face)
cuento_0374.txt,El Príncipe Jaime y el Tesoro Perdido de Escocia,Desconocido,princesas_y_castillos,Children Stories Collection (Hugging Face)
cuento_0375.txt,La Reina Bilqis y el Palacio de Cedro,Desconocido,princesas_y_castillos,Children Stories Collection (Hugging Face)
cuento_0376.txt,Los Príncipes de las Nubes y el Reino de Frankland,Desconocido,princesas_y_castillos,Children Stories Collection (Hugging Face)
cuento_0377.txt,La Princesa Isabella y la Reina de las Estrellas,Desconocido,princesas_y_castillos,Children Stories Collection (Hugging Face)
cuento_0378.txt,La Princesa Chandra y los Monstruos del Jardín Encantado,Desconocido,princesas_y_castillos,Children Stories Collection (Hugging Face)
cuento_0379.txt,La Princesa Sofía y los Secretos del Palacio Blanco,Desconocido,princesas_y_castillos,Children Stories Collection (Hugging Face)
cuento_0380.txt,La Princesa Claudette y el Libro Mágico de la Igualdad,Desconocido,princesas_y_castillos,Children Stories Collection (Hugging Face)
cuento_0381.txt,La Princesa Amaravati y los Cien Poemas del Reino,Desconocido,princesas_y_castillos,Children Stories Collection (Hugging Face)
cuento_0382.txt,La Reina Serafina y el Reino de los Aeroplanos Voladores,Desconocido,princesas_y_castillos,Children Stories Collection (Hugging Face)
cuento_0383.txt,La Reina Isabel y el Cometa de los Mil Destinos,Desconocido,princesas_y_castillos,Children Stories Collection (Hugging Face)
cuento_0384.txt,La Princesa Clara y el Misterio del Castillo Real,Desconocido,princesas_y_castillos,Children Stories Collection (Hugging Face)
cuento_0385.txt,La Reina Isabel y el Sastre de los Mil Diseños,Desconocido,princesas_y_castillos,Children Stories Collection (Hugging Face)
cuento_0386.txt,El Príncipe Jorge y el Reino de la Sabiduría,Desconocido,princesas_y_castillos,Children Stories Collection (Hugging Face)
cuento_0387.txt,La Princesa Lucía y la Flor Brillante del Bosque Encantado,Desconocido,princesas_y_castillos,Children Stories Collection (Hugging Face)
cuento_0388.txt,La Princesa Lucía y la Flor de Luz Eterna,Desconocido,princesas_y_castillos,Children Stories Collection (Hugging Face)
cuento_0389.txt,La Princesa Trendy y el Reino de la Moda Mágica,Desconocido,princesas_y_castillos,Children Stories Collection (Hugging Face)
cuento_0390.txt,La Princesa Sammy y el Castillo del Estómago,Desconocido,princesas_y_castillos,Children Stories Collection (Hugging Face)
cuento_0391.txt,La Princesa Ada y el Dragón del Bosque Encantado,Desconocido,princesas_y_castillos,Children Stories Collection (Hugging Face)
cuento_0392.txt,La Princesa Sofía y el Gran Torneo de los Dos Reinos,Desconocido,princesas_y_castillos,Children Stories Collection (Hugging Face)
cuento_0393.txt,La Princesa Clara y el Guardián de la Justicia,Desconocido,princesas_y_castillos,Children Stories Collection (Hugging Face)
cuento_0394.txt,La Princesa Honor y la Medalla del Reino,Desconocido,princesas_y_castillos,Children Stories Collection (Hugging Face)
cuento_0395.txt,La Princesa Lily y la Feria de los Datos Mágicos,Desconocido,princesas_y_castillos,Children Stories Collection (Hugging Face)
cuento_0396.txt,La Princesa Rosalía y la Rosa Encantada,Desconocido,princesas_y_castillos,Children Stories Collection (Hugging Face)
cuento_0397.txt,La Princesa Lilly y el Palacio de Cristal,Desconocido,princesas_y_castillos,Children Stories Collection (Hugging Face)
cuento_0398.txt,FUENTE:,Desconocido,princesas_y_castillos,Children Stories Collection (Hugging Face)
cuento_0399.txt,La Princesa Pazflor y el Monstruo del Estrés,Desconocido,princesas_y_castillos,Children Stories Collection (Hugging Face)
cuento_0400.txt,La Princesa Emily y el Rey León de Naboombu,Desconocido,princesas_y_castillos,Children Stories Collection (Hugging Face)
cuento_0401.txt,El Príncipe Muhammad y la Ciudad del Futuro,Desconocido,princesas_y_castillos,Children Stories Collection (Hugging Face)
cuento_0402.txt,La Princesa Ginebra y el Cambio del Reino,Desconocido,princesas_y_castillos,Children Stories Collection (Hugging Face)
cuento_0403.txt,La Princesa Moneda y el Reino de los Tesoros Perdidos,Desconocido,princesas_y_castillos,Children Stories Collection (Hugging Face)
cuento_0404.txt,La Princesa Nicola y el Secreto del Palacio,Desconocido,princesas_y_castillos,Children Stories Collection (Hugging Face)
cuento_0405.txt,La Princesa Remy y el Reino de las Cuatro Leyes,Desconocido,princesas_y_castillos,Children Stories Collection (Hugging Face)
cuento_0406.txt,La Princesa Mira y el Reino de las Estrellas,Desconocido,princesas_y_castillos,Children Stories Collection (Hugging Face)
cuento_0407.txt,La Princesa Tejedora y el Reino de la Lana Dorada,Desconocido,princesas_y_castillos,Children Stories Collection (Hugging Face)
cuento_0408.txt,Los Príncipes del Reino de las Manzanas Doradas,Desconocido,princesas_y_castillos,Children Stories Collection (Hugging Face)
cuento_0409.txt,La Reina Zinnia y el Puente de Cristal,Desconocido,princesas_y_castillos,Children Stories Collection (Hugging Face)
cuento_0410.txt,La Princesa Libby y los Castillos de Europa,Desconocido,princesas_y_castillos,Children Stories Collection (Hugging Face)
cuento_0411.txt,La Princesa Ella y el Zapato de Cristal,Desconocido,princesas_y_castillos,Children Stories Collection (Hugging Face)
cuento_0412.txt,La Princesa Penny y el Reino de las Pociones Curativas,Desconocido,princesas_y_castillos,Children Stories Collection (Hugging Face)
cuento_0413.txt,La Princesa Mia y la Abeja Dorada,Desconocido,princesas_y_castillos,Children Stories Collection (Hugging Face)
cuento_0414.txt,La Reina Penélope y el Tesoro del Reino,Desconocido,princesas_y_castillos,Children Stories Collection (Hugging Face)
cuento_0415.txt,La Reina Eliza y los Espejos de la Memoria,Desconocido,princesas_y_castillos,Children Stories Collection (Hugging Face)
cuento_0416.txt,La Princesa Mappy y el Mapa de los Reinos Perdidos,Desconocido,princesas_y_castillos,Children Stories Collection (Hugging Face)
cuento_0417.txt,La Reina Clotilde y la Flor de las Estrellas,Desconocido,princesas_y_castillos,Children Stories Collection (Hugging Face)
cuento_0418.txt,La Princesa Periwinkle y la Nube de la Tristeza,Desconocido,princesas_y_castillos,Children Stories Collection (Hugging Face)
cuento_0419.txt,La Princesa Lucía y el Castillo de los Cielos Azules,Desconocido,princesas_y_castillos,Children Stories Collection (Hugging Face)
cuento_0420.txt,La Princesa Mariposa y la Hormiga Andy,Desconocido,princesas_y_castillos,Children Stories Collection (Hugging Face)
cuento_0421.txt,La Princesa Isla y el Reino de los Mil Acuerdos,Desconocido,princesas_y_castillos,Children Stories Collection (Hugging Face)
cuento_0422.txt,La Princesa Química y el Reino Sin Hambre,Desconocido,princesas_y_castillos,Children Stories Collection (Hugging Face)
cuento_0423.txt,La Princesa Lily y el Consejo de los Reinos,Desconocido,princesas_y_castillos,Children Stories Collection (Hugging Face)
cuento_0424.txt,La Princesa Raju y la Ciudad Rosa,Desconocido,princesas_y_castillos,Children Stories Collection (Hugging Face)
cuento_0425.txt,La Reina Serafina y el Espejo de las Emociones,Desconocido,princesas_y_castillos,Children Stories Collection (Hugging Face)
cuento_0426.txt,La Princesa Taylor y el Castillo de los Secretos,Desconocido,princesas_y_castillos,Children Stories Collection (Hugging Face)
cuento_0427.txt,La Princesa Helena y el Joven Hércules,Desconocido,princesas_y_castillos,Children Stories Collection (Hugging Face)
cuento_0428.txt,La Princesa Energía y el Cristal de la Cooperación,Desconocido,princesas_y_castillos,Children Stories Collection (Hugging Face)
cuento_0429.txt,La Princesa Peach y el Castillo de Bowser,Desconocido,princesas_y_castillos,Children Stories Collection (Hugging Face)
cuento_0430.txt,El Príncipe Carlos y el Reino Recuperado,Desconocido,princesas_y_castillos,Children Stories Collection (Hugging Face)
cuento_0431.txt,El Príncipe Hamlet y el Fantasma del Castillo,Desconocido,princesas_y_castillos,Children Stories Collection (Hugging Face)
cuento_0432.txt,La Princesa Nube y el Castillo de las Mil Historias,Desconocido,princesas_y_castillos,Children Stories Collection (Hugging Face)
cuento_0433.txt,La Princesa Amelia y el Dragón de la Sabiduría,Desconocido,princesas_y_castillos,Children Stories Collection (Hugging Face)
cuento_0434.txt,La Princesa Victoria y el Caballero Valiente,Desconocido,princesas_y_castillos,Children Stories Collection (Hugging Face)
cuento_0435.txt,La Princesa Emily y la Corona de Canadá,Desconocido,princesas_y_castillos,Children Stories Collection (Hugging Face)
cuento_0436.txt,La Princesa Ciencia y el Árbol del Conocimiento,Desconocido,princesas_y_castillos,Children Stories Collection (Hugging Face)
cuento_0437.txt,La Princesa Lilia y el Reino del Ajedrez Encantado,Desconocido,princesas_y_castillos,Children Stories Collection (Hugging Face)
cuento_0438.txt,La Princesa Sofía y los Soldados del Reino,Desconocido,princesas_y_castillos,Children Stories Collection (Hugging Face)
cuento_0439.txt,La Princesa Desviación y el Reino de los Números,Desconocido,princesas_y_castillos,Children Stories Collection (Hugging Face)
cuento_0440.txt,La Princesa Sofía y el Pergamino de los Títulos Reales,Desconocido,princesas_y_castillos,Children Stories Collection (Hugging Face)
cuento_0441.txt,La Princesa Priya y la Estrella Roja del Reino,Desconocido,princesas_y_castillos,Children Stories Collection (Hugging Face)
cuento_0442.txt,La Princesa Álgebra y el Reino de los Números Encantados,Desconocido,princesas_y_castillos,Children Stories Collection (Hugging Face)
cuento_0443.txt,La Princesa Mia y los Reinos de la Tecnología,Desconocido,princesas_y_castillos,Children Stories Collection (Hugging Face)
cuento_0444.txt,El Príncipe Eric y el Misterio del Cielo Azul,Desconocido,princesas_y_castillos,Children Stories Collection (Hugging Face)
cuento_0445.txt,La Princesa Janet y el Reino de los Cuatro Consejeros,Desconocido,princesas_y_castillos,Children Stories Collection (Hugging Face)
cuento_0446.txt,La Princesa Mecánica y el Reino de los Algodones Mágicos,Desconocido,princesas_y_castillos,Children Stories Collection (Hugging Face)
cuento_0447.txt,La Princesa Medea y el Vellocino de Oro,Desconocido,princesas_y_castillos,Children Stories Collection (Hugging Face)
cuento_0448.txt,La Princesa Polly y el Gran Baile Real,Desconocido,princesas_y_castillos,Children Stories Collection (Hugging Face)
cuento_0449.txt,El Príncipe Alejandro y la Biblioteca de los Mil Secretos,Desconocido,princesas_y_castillos,Children Stories Collection (Hugging Face)
cuento_0450.txt,La Reina Concordia y las Nubes de la Justicia,Desconocido,princesas_y_castillos,Children Stories Collection (Hugging Face)
cuento_0451.txt,La Princesa Penny y el Reino de las Tres Llaves,Desconocido,princesas_y_castillos,Children Stories Collection (Hugging Face)
cuento_0452.txt,La Princesa Elowen y el Caballero del Artefacto Perdido,Desconocido,princesas_y_castillos,Children Stories Collection (Hugging Face)
cuento_0453.txt,La Princesa Polly y los Reinos del Viento del Cambio,Desconocido,princesas_y_castillos,Children Stories Collection (Hugging Face)
cuento_0454.txt,La Princesa Lilly y el Reino de los Riñones Mágicos,Desconocido,princesas_y_castillos,Children Stories Collection (Hugging Face)
cuento_0455.txt,El Príncipe Theon y el Secreto del Cielo Azul,Desconocido,princesas_y_castillos,Children Stories Collection (Hugging Face)
cuento_0456.txt,La Reina Lila y la Unión de los Reinos,Desconocido,princesas_y_castillos,Children Stories Collection (Hugging Face)
cuento_0457.txt,La Princesa Pinar y el Consejo de la Justicia,Desconocido,princesas_y_castillos,Children Stories Collection (Hugging Face)
cuento_0458.txt,La Princesa Greta y las Escuelas de los Dos Reinos,Desconocido,princesas_y_castillos,Children Stories Collection (Hugging Face)
cuento_0459.txt,La Princesa Ofelia y el Castillo de Elsinore,Desconocido,princesas_y_castillos,Children Stories Collection (Hugging Face)
cuento_0460.txt,La Princesa Leyla y el Palacio de las Tormentas,Desconocido,princesas_y_castillos,Children Stories Collection (Hugging Face)
cuento_0461.txt,La Princesa Finley y el Palacio Flotante,Desconocido,princesas_y_castillos,Children Stories Collection (Hugging Face)
cuento_0462.txt,Los Tres Príncipes y los Reinos del Norte,Desconocido,princesas_y_castillos,Children Stories Collection (Hugging Face)
cuento_0463.txt,"""La Princesa Molécula y el Consejo Real de la Ciencia",Desconocido,princesas_y_castillos,Children Stories Collection (Hugging Face)
cuento_0464.txt,La Princesa Lucy y el Reino Renacido,Desconocido,princesas_y_castillos,Children Stories Collection (Hugging Face)
cuento_0465.txt,La Princesa Carolina y los Cuatro Reinos de la Armonía,Desconocido,princesas_y_castillos,Children Stories Collection (Hugging Face)
cuento_0466.txt,La Princesa Mary y el Colegio de la Sabiduría,Desconocido,princesas_y_castillos,Children Stories Collection (Hugging Face)
cuento_0467.txt,La Princesa Odette y el Lago de los Cisnes,Desconocido,princesas_y_castillos,Children Stories Collection (Hugging Face)
cuento_0468.txt,La Princesa Ginebra y la Espada del Lago,Desconocido,princesas_y_castillos,1000 Folk Stories Around the World (Kaggle)
cuento_0469.txt,La Reina del Cielo y los Dragones del Mar,Desconocido,princesas_y_castillos,1000 Folk Stories Around the World (Kaggle)
cuento_0470.txt,La Reina Madre del Oeste y el Rey de los Dragones Celestiales,Desconocido,princesas_y_castillos,1000 Folk Stories Around the World (Kaggle)
cuento_0471.txt,El Rey de Huai Nan y los Ocho Inmortales,Desconocido,princesas_y_castillos,1000 Folk Stories Around the World (Kaggle)
cuento_0472.txt,El Rey de las Hormigas y el Lago Púrpura,Desconocido,princesas_y_castillos,1000 Folk Stories Around the World (Kaggle)
cuento_0473.txt,La Princesa Dragón y las Perlas del Mar Oriental,Desconocido,princesas_y_castillos,1001 Folk Stories Around the World (Kaggle)
cuento_0474.txt,La Princesa de la Montaña de la Torre y los Zorros Parlantes,Desconocido,princesas_y_castillos,1002 Folk Stories Around the World (Kaggle)
cuento_0475.txt,La Reina Attem y el Joven Ituen,Desconocido,princesas_y_castillos,1003 Folk Stories Around the World (Kaggle)
cuento_0476.txt,La Princesa de los Pájaros Mensajeros,Desconocido,princesas_y_castillos,1004 Folk Stories Around the World (Kaggle)
cuento_0477.txt,La Reina Oyaikan y el Rey Mbotu,Desconocido,princesas_y_castillos,1005 Folk Stories Around the World (Kaggle)
cuento_0478.txt,La Princesa Adia y el Rey de Calabar,Desconocido,princesas_y_castillos,1006 Folk Stories Around the World (Kaggle)
cuento_0479.txt,La Princesa del Reino de los Espíritus,Desconocido,princesas_y_castillos,1007 Folk Stories Around the World (Kaggle)
cuento_0480.txt,La Princesa Adit y los Pájaros Dorados,Desconocido,princesas_y_castillos,1008 Folk Stories Around the World (Kaggle)
cuento_0481.txt,El Rey Essiya y el Rey de las Aves,Desconocido,princesas_y_castillos,1009 Folk Stories Around the World (Kaggle)
cuento_0482.txt,El Castillo de Fuego y el Caballero Desaparecido,Desconocido,princesas_y_castillos,1010 Folk Stories Around the World (Kaggle)
cuento_0483.txt,Las Seis Princesas de Nieve y el Gigante del Vapor,Desconocido,princesas_y_castillos,1011 Folk Stories Around the World (Kaggle)
cuento_0484.txt,La Princesa de la Montaña de la Reina Dorada,Desconocido,princesas_y_castillos,1012 Folk Stories Around the World (Kaggle)
cuento_0485.txt,La Condesa y el Fantasma del Castillo,Desconocido,princesas_y_castillos,1013 Folk Stories Around the World (Kaggle)
cuento_0486.txt,El Rey O'Toole y el Ganso Mágico,Desconocido,princesas_y_castillos,1014 Folk Stories Around the World (Kaggle)
cuento_0487.txt,La Princesa que Siempre Decía Por Favor,Desconocido,princesas_y_castillos,1015 Folk Stories Around the World (Kaggle)
cuento_0488.txt,La Princesa que Aprendió a Decir Por Favor,Desconocido,princesas_y_castillos,1016 Folk Stories Around the World (Kaggle)
cuento_0489.txt,La Reina Quilla y el Reino de los Grandes Cambios,Desconocido,princesas_y_castillos,1017 Folk Stories Around the World (Kaggle)
cuento_0490.txt,La Princesa Azulverde y las Siete Ciudades Encantadas,Desconocido,princesas_y_castillos,1018 Folk Stories Around the World (Kaggle)
cuento_0491.txt,La Princesa de los Anillos Encantados,Desconocido,princesas_y_castillos,1019 Folk Stories Around the World (Kaggle)
cuento_0492.txt,La Princesa Honoria y los Siete Príncipes Encantados,Desconocido,princesas_y_castillos,1020 Folk Stories Around the World (Kaggle)
cuento_0493.txt,"La Princesa de las Estrellas Doradas""",Desconocido,princesas_y_castillos,1021 Folk Stories Around the World (Kaggle)
cuento_0494.txt,La Princesa Eufemia y la Isla de las Siete Ciudades,Desconocido,princesas_y_castillos,1022 Folk Stories Around the World (Kaggle)
cuento_0495.txt,La Princesa Perla y el Palacio del Lago Encantado,Desconocido,princesas_y_castillos,1023 Folk Stories Around the World (Kaggle)
cuento_0496.txt,La Princesa de la Montaña de Bronce,Desconocido,princesas_y_castillos,1024 Folk Stories Around the World (Kaggle)
cuento_0497.txt,La Reina María Teresa y el Complot del Cardenal,Desconocido,princesas_y_castillos,1025 Folk Stories Around the World (Kaggle)
cuento_0498.txt,La Princesa de las Alas de Plata y el Dragón de Seis Cabezas,Desconocido,princesas_y_castillos,1026 Folk Stories Around the World (Kaggle)
cuento_0499.txt,La Reina del Perejil,Desconocido,princesas_y_castillos,1027 Folk Stories Around the World (Kaggle)
cuento_0500.txt,Los Dos Reyes Sabios,Desconocido,princesas_y_castillos,1028 Folk Stories Around the World (Kaggle)
cuento_0501.txt,"El Príncipe, la Princesa y la Montaña de los Simurgs",Desconocido,princesas_y_castillos,1029 Folk Stories Around the World (Kaggle)
cuento_0502.txt,La Princesa Helena y el Príncipe Inconstante,Desconocido,princesas_y_castillos,1030 Folk Stories Around the World (Kaggle)
cuento_0503.txt,La Princesa y el Príncipe Rana,Desconocido,princesas_y_castillos,1031 Folk Stories Around the World (Kaggle)
cuento_0504.txt,La Princesa Orgullosa y el Rey Pico de Tordo,Desconocido,princesas_y_castillos,1032 Folk Stories Around the World (Kaggle)
cuento_0505.txt,El Príncipe Simpletón y las Tres Princesas Dormidas,Desconocido,princesas_y_castillos,1033 Folk Stories Around the World (Kaggle)
cuento_0506.txt,Las Tres Princesas del Castillo Encantado,Desconocido,princesas_y_castillos,1034 Folk Stories Around the World (Kaggle)
cuento_0507.txt,La Princesa y el Guisante,Desconocido,princesas_y_castillos,1035 Folk Stories Around the World (Kaggle)
cuento_0508.txt,Los Artilleros Reales de la Pradera,Desconocido,princesas_y_castillos,Children Stories Collection (Hugging Face)
cuento_0509.txt,La Reina Quilla y el Reino de los Grandes Cambios,Desconocido,princesas_y_castillos,Children Stories Collection (Hugging Face)
cuento_0510.txt,La Reina María Teresa y el Complot del Cardena,Desconocido,princesas_y_castillos,Children Stories Collection (Hugging Face)
cuento_0511.txt,La Reina Victoria y la Lluvia del Castillo,Desconocido,princesas_y_castillos,Children Stories Collection (Hugging Face)
cuento_0512.txt,El Dragón de la Biblioteca Real,Desconocido,princesas_y_castillos,Children Stories Collection (Hugging Face)
cuento_0513.txt,La Princesa Peach y los Hermanos Mario,Desconocido,princesas_y_castillos,Children Stories Collection (Hugging Face)
cuento_0514.txt,La Princesa Aoife y los Dos Reinos de la Innovación,Desconocido,princesas_y_castillos,Children Stories Collection (Hugging Face)
cuento_0515.txt,El Palacio Encantado de Vaticaño,Desconocido,princesas_y_castillos,Children Stories Collection (Hugging Face)
cuento_0516.txt,El Príncipe Nuada y el Ejército Dorado,Desconocido,princesas_y_castillos,Children Stories Collection (Hugging Face)
cuento_0517.txt,"""La Reina Isabella y el Reino de Eurolandia""",Desconocido,princesas_y_castillos,Children Stories Collection (Hugging Face)
cuento_0518.txt,"""Los Tres Hermanos y la Princesa Enferma""",Desconocido,princesas_y_castillos,Children Stories Collection (Hugging Face)
cuento_0519.txt,"""Marie y el Reino de Francia""",Desconocido,princesas_y_castillos,Children Stories Collection (Hugging Face)
cuento_0520.txt,"""El Rey Babur y los Palacios de Persia""",Desconocido,princesas_y_castillos,Children Stories Collection (Hugging Face)
cuento_0521.txt,"""La Princesa Bluebell y la Isla de la Unidad""",Desconocido,princesas_y_castillos,Children Stories Collection (Hugging Face)
cuento_0522.txt,"""La Princesa Daisy y el Reino de las Nubes""",Desconocido,princesas_y_castillos,Children Stories Collection (Hugging Face)
cuento_0523.txt,"""El Castillo del Conocimiento""",Desconocido,princesas_y_castillos,Children Stories Collection (Hugging Face)
cuento_0524.txt,"""La Princesa Alise y el Remolino Encantado""",Desconocido,princesas_y_castillos,Children Stories Collection (Hugging Face)
cuento_0525.txt,"""La Princesa Therese y la Gran Fiesta de Otoño""",Desconocido,princesas_y_castillos,Children Stories Collection (Hugging Face)
cuento_0526.txt,"""El Príncipe Asoka y la Espada Encantada""",Desconocido,princesas_y_castillos,Children Stories Collection (Hugging Face)
cuento_0527.txt,"""El Príncipe Leo y los Guardianes de las Estrellas""",Desconocido,princesas_y_castillos,Children Stories Collection (Hugging Face)
cuento_0528.txt,"""La Princesa Bella y el Castillo Encantado""",Desconocido,princesas_y_castillos,Children Stories Collection (Hugging Face)
cuento_0529.txt,"""La Princesa Pari y el Festival de la Lluvia""",Desconocido,princesas_y_castillos,Children Stories Collection (Hugging Face)
cuento_0530.txt,"""Las Princesas de la Polinomia Encantada""",Desconocido,princesas_y_castillos,Children Stories Collection (Hugging Face)
cuento_0531.txt,"""El Príncipe Akbar y la Corona del Imperio""",Desconocido,princesas_y_castillos,Children Stories Collection (Hugging Face)
cuento_0532.txt,"""El Príncipe Rama y el Bosque de las Pruebas""",Desconocido,princesas_y_castillos,Children Stories Collection (Hugging Face)
cuento_0533.txt,"""La Reina Amalasuntha y los Viajeros Godos""",Desconocido,princesas_y_castillos,Children Stories Collection (Hugging Face)
cuento_0534.txt,"""El Rey Casimiro y la Promesa del Reino""",Desconocido,princesas_y_castillos,Children Stories Collection (Hugging Face)
cuento_0535.txt,"""El Príncipe Hiroshi y la Diosa del Sol""",Desconocido,princesas_y_castillos,Children Stories Collection (Hugging Face)
cuento_0536.txt,"""La Princesa Anna y la Orden del Dannebrog""",Desconocido,princesas_y_castillos,Children Stories Collection (Hugging Face)
