archivo,tematica,descripcion,fuente
img_0001.png,princesas_y_castillos,Unicornio azul corriendo.,Pixabay
img_0002.png,princesas_y_castillos,Niña rubia con ropa deportiva.,Pixabay
img_0003.png,princesas_y_castillos,Princesa y príncipe medieval conversando.,Pixabay
img_0004.png,princesas_y_castillos,Siete enanitos reunidos alrededor de una cama.,Pixabay
img_0005.png,princesas_y_castillos,Unicornio blanco con melena azul bajo la luna.,Pixabay
img_0006.png,princesas_y_castillos,Castillo blanco con torres y banderas.,Pixabay
img_0007.png,princesas_y_castillos,Castillo junto a un río entre colinas verdes.,Pixabay
img_0008.png,princesas_y_castillos,Niña durmiendo bajo la luna frente a un castillo iluminado.,Pixabay
img_0009.png,princesas_y_castillos,Princesa leyendo en su habitación durante la noche.,Pixabay
img_0010.png,princesas_y_castillos,Niña junto a un delfín rosado en un lago bajo la luna.,Pixabay
img_0011.png,princesas_y_castillos,Pájaro azul posado sobre una rama.,Pixabay
img_0012.png,princesas_y_castillos,Princesa con corona de joyas y vestido elegante.,Pixabay
img_0013.png,princesas_y_castillos,Rana verde con corona saltando.,Pixabay
img_0014.png,princesas_y_castillos,Princesa subiendo una escalera de madera.,Pixabay
img_0015.png,princesas_y_castillos,Mujer con vestido largo sosteniendo una manzana roja.,Pixabay
img_0016.png,princesas_y_castillos,Sirena de cabello blanco nadando bajo el agua.,Pixabay
img_0017.png,princesas_y_castillos,Hada rubia con varita mágica.,Pixabay
img_0018.png,princesas_y_castillos,Castillo colorido entre nubes.,Pixabay
img_0019.png,princesas_y_castillos,Castillo de piedra rodeado de árboles otoñales.,Pixabay
img_0020.png,princesas_y_castillos,Castillo oscuro iluminado por la luna entre flores.,Pixabay
img_0021.png,princesas_y_castillos,Castillo tenebroso envuelto en niebla.,Pixabay
img_0022.png,princesas_y_castillos,Princesa con vestido azul claro.,Pixabay
img_0023.png,princesas_y_castillos,Pueblo con castillo bajo un sol amarillo.,Pixabay
img_0024.png,princesas_y_castillos,Reina con corona y armadura decorada.,Pixabay
img_0025.png,princesas_y_castillos,Elefante en globo aerostático rosa.,Pixabay
img_0026.png,princesas_y_castillos,Flamenco rosa con corona de flores.,Pixabay
img_0027.png,princesas_y_castillos,Castillo en una colina junto a un jardín.,Pixabay
img_0028.png,princesas_y_castillos,Castillo rosa junto a un árbol.,Pixabay
img_0029.png,princesas_y_castillos,Bufón caminando frente a un castillo.,Pixabay
img_0030.png,princesas_y_castillos,Carruaje antiguo de madera.,Pixabay
img_0031.png,princesas_y_castillos,Rey con corona y capa roja.,Pixabay
img_0032.png,princesas_y_castillos,Princesa caminando hacia un castillo por un sendero.,Pixabay
img_0033.png,princesas_y_castillos,Caballero con armadura plateada.,Pixabay
img_0034.png,princesas_y_castillos,Joven cabalgando un caballo marrón.,Pixabay
img_0035.png,princesas_y_castillos,Trono real azul y dorado.,Pixabay
img_0036.png,princesas_y_castillos,Princesa con vestido rosa largo.,Pixabay
img_0037.png,princesas_y_castillos,Reina con corona sosteniendo a una niña.,Pixabay
img_0038.png,princesas_y_castillos,Princesa sonriente frente a un castillo.,Pixabay
img_0039.png,princesas_y_castillos,Princesa rubia frente a un castillo al atardecer.,Pixabay
img_0040.png,princesas_y_castillos,Princesa con vestido brillante y cabello rizado.,Pixabay
img_0041.png,princesas_y_castillos,Princesa junto a un dragón negro.,Pixabay
img_0042.png,princesas_y_castillos,Gato blanco con corona y capa real.,Pixabay
img_0043.png,princesas_y_castillos,Rey esqueleto con corona y cetro.,Pixabay
img_0044.png,princesas_y_castillos,Niña pelirroja con vestido rosa.,Pixabay
img_0045.png,princesas_y_castillos,"Novios, princesa y principe frente a flores rosadas.",Pixabay
img_0046.png,princesas_y_castillos,Castillo rosado sobre una colina.,Pixabay
img_0047.png,princesas_y_castillos,Castillo en una montaña bajo la luna llena.,Pixabay
img_0048.png,princesas_y_castillos,Hada posada sobre una hoja.,Pixabay
img_0049.png,princesas_y_castillos,Palacio mágico junto al agua durante la noche.,Pixabay
img_0050.png,princesas_y_castillos,Figura luminosa formada por partículas doradas.,Pixabay
img_0051.png,princesas_y_castillos,Criatura fantástica sobre una pila de libros.,Pixabay
img_0052.png,princesas_y_castillos,Cofre del tesoro lleno de monedas de oro.,Pixabay
img_0053.png,princesas_y_castillos,Bruja niña con sombrero negro.,Pixabay
img_0054.png,princesas_y_castillos,Rey anciano con corona dorada.,Pixabay
img_0055.png,princesas_y_castillos,Ventana de vitral en un castillo.,Pixabay
img_0056.png,princesas_y_castillos,Castillo oscuro entre árboles verdes.,Pixabay
img_0057.png,princesas_y_castillos,Castillo blanco con torres rojas sobre una colina.,Pixabay
img_0058.png,princesas_y_castillos,Ciudad amurallada con torres y casas.,Pixabay
img_0059.png,princesas_y_castillos,Corona dorada con piedras preciosas.,Pixabay
img_0060.png,princesas_y_castillos,Corona real púrpura y dorada.,Pixabay
img_0061.png,princesas_y_castillos,Corona real púrpura y dorada.,Pixabay
img_0062.png,princesas_y_castillos,Corona dorada con piedras preciosas.,Pixabay
img_0063.png,princesas_y_castillos,Corona real azul y dorada.,Pixabay
img_0064.png,princesas_y_castillos,"Rey con corona, capa azul y cetro.",Pixabay
img_0065.png,princesas_y_castillos,Princesa pelirroja con vestido morado.,Pixabay
img_0066.png,princesas_y_castillos,Torre de castillo con techos rojos.,Pixabay
img_0067.png,princesas_y_castillos,Cofre del tesoro lleno de monedas de oro.,Pixabay
img_0068.png,princesas_y_castillos,Princesa con vestido blanco sentada sobre unas rocas.,Pixabay
img_0069.png,princesas_y_castillos,Dragón naranja volando.,Pixabay
img_0070.png,princesas_y_castillos,Sirena de cabello rojo con cola azul.,Pixabay
img_0071.png,princesas_y_castillos,"Pingüino rey con corona, capa y cetro.",Pixabay
img_0072.png,princesas_y_castillos,Alienígena con corona y capa real.,Pixabay
img_0073.png,princesas_y_castillos,Cocodrilo princesa con vestido rosa y corona.,Pixabay
img_0074.png,princesas_y_castillos,Hada con corona dorada y vestido blanco.,Pixabay
img_0075.png,princesas_y_castillos,Reina con vestido verde sosteniendo un pergamino.,Pixabay
img_0076.png,princesas_y_castillos,Hada con vestido verde y alas blancas.,Pixabay
img_0077.png,princesas_y_castillos,Niña mirando su reflejo de princesa en un espejo.,Pixabay
img_0078.png,princesas_y_castillos,Castillo colorido junto a casas de cuento.,Pixabay
img_0079.png,princesas_y_castillos,Princesa con corona frente a un castillo.,Pixabay
img_0080.png,princesas_y_castillos,Niño caballero con espada y capa roja.,Pixabay
img_0081.png,princesas_y_castillos,Castillo rosado rodeado de nubes.,Pixabay
img_0082.png,princesas_y_castillos,Príncipe montando un caballo.,Pixabay
img_0083.png,princesas_y_castillos,Castillo con jardines y camino de flores.,Pixabay
img_0084.png,princesas_y_castillos,Castillo de cuento bajo un arcoíris.,Pixabay
img_0085.png,princesas_y_castillos,Princesa frente a un castillo colorido.,Pixabay
img_0086.png,princesas_y_castillos,Castillo flotando entre las nubes.,Pixabay
img_0087.png,princesas_y_castillos,Rey frente a un castillo con torres.,Pixabay
img_0088.png,princesas_y_castillos,Valle mágico con un castillo al fondo.,Pixabay
img_0089.png,princesas_y_castillos,Palacio colorido sobre una ciudad.,Pixabay
img_0090.png,princesas_y_castillos,Muralla de castillo con una gran puerta.,Pixabay
img_0091.png,princesas_y_castillos,Príncipe con corona y capa roja.,Pixabay
img_0092.png,princesas_y_castillos,Princesa rubia con vestido rosa y corona.,Pixabay
img_0093.png,princesas_y_castillos,Hada de cabello azul con vestido gris.,Pixabay
img_0094.png,princesas_y_castillos,Príncipe con uniforme azul y rojo.,Pixabay
img_0095.png,princesas_y_castillos,Príncipe y princesa frente a un castillo.,Pixabay
img_0096.png,princesas_y_castillos,Joven príncipe con uniforme azul.,Pixabay
img_0097.png,princesas_y_castillos,Príncipe montando un caballo marrón.,Pixabay
img_0098.png,princesas_y_castillos,Príncipe y princesa en un bosque encantado.,Pixabay
img_0099.png,princesas_y_castillos,Princesa caminando por un bosque mágico.,Pixabay
img_0100.png,princesas_y_castillos,Princesa frente a un castillo iluminado.,Pixabay
img_0101.png,princesas_y_castillos,Princesa rubia frente a un castillo.,Pixabay
img_0102.png,princesas_y_castillos,Princesa con vestido rosa caminando por un jardín.,Pixabay
img_0103.png,princesas_y_castillos,Princesa caminando por un sendero hacia un castillo.,Pixabay
img_0104.png,princesas_y_castillos,Princesa con vestido lila y tiara.,Pixabay
img_0105.png,princesas_y_castillos,Mujer observando un castillo entre flores.,Pixabay
img_0106.png,princesas_y_castillos,Princesa pelirroja observando un castillo junto a un lago.,Pixabay
img_0107.png,princesas_y_castillos,Dos princesas frente a un castillo iluminado.,Pixabay
img_0108.png,princesas_y_castillos,Princesa caminando por un bosque oscuro.,Pixabay
img_0109.png,princesas_y_castillos,Princesa rubia frente a un palacio colorido.,Pixabay
img_0110.png,princesas_y_castillos,Niña sentada frente a un castillo rosado.,Pixabay
img_0111.png,princesas_y_castillos,Princesa junto a un castillo y un río.,Pixabay
img_0112.png,princesas_y_castillos,Princesa con vestido verde frente a un palacio.,Pixabay
img_0113.png,princesas_y_castillos,Princesa de cabello rosado frente a un castillo.,Pixabay
img_0114.png,princesas_y_castillos,Castillo de cuento rodeado de arcoíris y flores.,Pixabay
img_0115.png,princesas_y_castillos,Grupo de princesas con vestidos de colores.,Pixabay
img_0116.png,princesas_y_castillos,Príncipe y princesa frente a un castillo.,Pixabay
img_0117.png,princesas_y_castillos,Princesa frente a un castillo bajo un arcoíris.,Pixabay
img_0118.png,princesas_y_castillos,Princesa rubia frente a un palacio colorido.,Pixabay
img_0119.png,princesas_y_castillos,Princesa con vestido amarillo frente a un castillo.,Pixabay
img_0120.png,princesas_y_castillos,Princesa asomada a la ventana de una torre.,Pixabay
img_0121.png,princesas_y_castillos,Princesa con vestido azul frente a un castillo rosado.,Pixabay
img_0122.png,princesas_y_castillos,Princesa rubia frente a un castillo de piedra.,Pixabay
img_0123.png,princesas_y_castillos,Princesa dormida frente a un palacio colorido.,Pixabay
img_0124.png,princesas_y_castillos,Príncipe y princesa en un jardín real.,Pixabay
img_0125.png,princesas_y_castillos,Princesa con vestido rosa junto a un castillo.,Pixabay
img_0126.png,princesas_y_castillos,Princesa junto a una torre iluminada.,Pixabay
img_0127.png,princesas_y_castillos,Princesa con vestido amarillo en un jardín de flores.,Pixabay
img_0128.png,princesas_y_castillos,Princesa frente a un castillo rodeado de flores.,Pixabay
img_0129.png,princesas_y_castillos,Princesa en un campo de flores frente a un castillo.,Pixabay
img_0130.png,princesas_y_castillos,Tres niños plantando un árbol cerca de un castillo.,Pixabay
img_0131.png,princesas_y_castillos,Grupo de princesas caminando hacia un castillo rosado.,Pixabay
img_0132.png,princesas_y_castillos,Hada princesa sentada entre flores.,Pixabay
img_0133.png,princesas_y_castillos,Princesa sentada en un trono dorado.,Pixabay
img_0134.png,princesas_y_castillos,Princesa caminando por un jardín hacia un castillo.,Pixabay
img_0135.png,princesas_y_castillos,Princesa rubia frente a un castillo entre árboles.,Pixabay
img_0136.png,princesas_y_castillos,Princesa con vestido amarillo en un jardín frente a un castillo.,Pixabay
img_0137.png,princesas_y_castillos,Grupo de princesas con vestidos de colores.,Pixabay
img_0138.png,princesas_y_castillos,Dos princesas y dos príncipes en un jardín real.,Pixabay
img_0139.png,princesas_y_castillos,Princesa con un conejo blanco entre flores.,Pixabay
img_0140.png,princesas_y_castillos,Príncipe y princesa frente a un castillo bajo un arcoíris.,Pixabay
img_0141.png,princesas_y_castillos,Princesa con vestido lila caminando por un jardín.,Pixabay
img_0142.png,princesas_y_castillos,Princesa sentada en un trono rodeada de luces.,Pixabay
img_0143.png,princesas_y_castillos,Príncipe y princesa caminando hacia un castillo.,Pixabay
img_0144.png,princesas_y_castillos,Princesa con vestido rosa en un jardín encantado.,Pixabay
img_0145.png,princesas_y_castillos,Princesa de pie en un estanque rodeado de flores.,Pixabay
img_0146.png,princesas_y_castillos,Princesa preparando una poción mágica.,Pixabay
img_0147.png,princesas_y_castillos,Príncipe y princesa frente a un castillo.,Pixabay
img_0148.png,princesas_y_castillos,Princesa de cabello negro con vestido azul.,Pixabay
img_0149.png,princesas_y_castillos,Niño y niña caminando por un jardín real.,Pixabay
img_0150.png,princesas_y_castillos,Hada princesa con vestido rosa frente a un castillo.,Pixabay
img_0151.png,princesas_y_castillos,Princesa con vestido amarillo frente a un castillo junto a un lago.,Pixabay
img_0152.png,princesas_y_castillos,Princesa caminando por un jardín frente a un castillo.,Pixabay
img_0153.png,princesas_y_castillos,Príncipe y princesa en un balcón real.,Pixabay
img_0154.png,princesas_y_castillos,Príncipe y princesa junto a un caballo frente a un castillo.,Pixabay
img_0155.png,princesas_y_castillos,Príncipe y princesa frente a un castillo con un río.,Pixabay
img_0156.png,princesas_y_castillos,Príncipe y princesa caminando junto a un caballo blanco.,Pixabay
img_0157.png,princesas_y_castillos,Príncipe y princesa tomados de la mano frente a un castillo.,Pixabay
img_0158.png,princesas_y_castillos,"Príncipe, princesa y unicornio bajo un arcoíris.",Pixabay
img_0159.png,princesas_y_castillos,Castillo junto a un río entre colinas verdes.,Pixabay
img_0160.png,princesas_y_castillos,Príncipe y princesa bailando al atardecer.,Pixabay
img_0161.png,princesas_y_castillos,Princesa bailando en un patio iluminado.,Pixabay
img_0162.png,princesas_y_castillos,Príncipe abrazando a una princesa frente a un palacio.,Pixabay
img_0163.png,princesas_y_castillos,Niño y niña frente a un castillo junto a un lago.,Pixabay
img_0164.png,princesas_y_castillos,Príncipe y princesa caminando por un sendero con corazones.,Pixabay
img_0165.png,princesas_y_castillos,Príncipe y princesa frente a un castillo con un estanque.,Pixabay
img_0166.png,princesas_y_castillos,Princesa en un palacio con columnas rosadas.,Pixabay
img_0167.png,princesas_y_castillos,Salón real con ventanas y lámparas.,Pixabay
img_0168.png,princesas_y_castillos,Princesa montando un unicornio blanco.,Pixabay
img_0169.png,princesas_y_castillos,Princesa abrazando a un unicornio.,Pixabay
img_0170.png,princesas_y_castillos,Castillo blanco rodeado de árboles rosados.,Pixabay
img_0171.png,princesas_y_castillos,Princesa montando un unicornio bajo la luna.,Pixabay
img_0172.png,princesas_y_castillos,Princesa con vestido rosa montando un unicornio.,Pixabay
img_0173.png,princesas_y_castillos,Princesa rubia montando un unicornio blanco.,Pixabay
img_0174.png,princesas_y_castillos,Princesa montando un unicornio dentro de un círculo rosa.,Pixabay
img_0175.png,princesas_y_castillos,Sirena princesa junto a un unicornio.,Pixabay
img_0176.png,princesas_y_castillos,Princesa de cabello multicolor junto a un unicornio.,Pixabay
img_0177.png,princesas_y_castillos,Princesa montando un pequeño unicornio blanco.,Pixabay
img_0178.png,princesas_y_castillos,Rey anciano montando un caballo.,Pixabay
img_0179.png,princesas_y_castillos,Jinete con sombrero rojo montando un caballo marrón.,Pixabay
img_0180.png,princesas_y_castillos,Rey montando un unicornio sobre un arcoíris.,Pixabay
img_0181.png,princesas_y_castillos,Rey frente a un castillo junto a un caballo.,Pixabay
img_0182.png,princesas_y_castillos,Carruaje dorado tirado por un caballo blanco.,Pixabay
img_0183.png,princesas_y_castillos,Príncipe montando un caballo blanco.,Pixabay
img_0184.png,princesas_y_castillos,Rey y reina vestidos de rojo.,Pixabay
img_0185.png,princesas_y_castillos,Novia con vestido blanco y velo.,Pixabay
img_0186.png,princesas_y_castillos,"Rey, reina y princesa durante una ceremonia real.",Pixabay
img_0187.png,princesas_y_castillos,Princesa con vestido rojo y corona.,Pixabay
img_0188.png,princesas_y_castillos,Rey y reina con coronas reales.,Pixabay
img_0189.png,princesas_y_castillos,Novio y novia bajo un arco de flores.,Pixabay
img_0190.png,princesas_y_castillos,Príncipe besando a una princesa vestida de novia.,Pixabay
img_0191.png,princesas_y_castillos,Príncipe y princesa con vestimenta de boda.,Pixabay
img_0192.png,princesas_y_castillos,Unicornio blanco junto a una torre de castillo.,Pixabay
img_0193.png,princesas_y_castillos,Unicornio blanco junto a un río en el bosque.,Pixabay
img_0194.png,princesas_y_castillos,Pegaso volando frente a un castillo morado.,Pixabay
img_0195.png,princesas_y_castillos,Unicornio blanco frente a un castillo bajo un arcoíris.,Pixabay
img_0196.png,princesas_y_castillos,Princesa junto a un unicornio blanco en un jardín mágico.,Pixabay
img_0197.png,princesas_y_castillos,Pareja de personajes con sombreros en un bosque encantado.,Pixabay
img_0198.png,princesas_y_castillos,Princesa con vestido rosa junto a un unicornio en un bosque.,Pixabay
img_0199.png,princesas_y_castillos,Princesa junto a un unicornio blanco cerca de una cascada.,Pixabay
img_0200.png,princesas_y_castillos,Personaje rosa montando un unicornio volador sobre un arcoíris.,Pixabay
img_0201.png,princesas_y_castillos,Princesa rubia montando un unicornio blanco.,Pixabay
img_0202.png,princesas_y_castillos,Princesa pelirroja junto a un pequeño dragón amarillo.,Pixabay
img_0203.png,princesas_y_castillos,Princesa junto a una criatura rosada frente a un castillo.,Pixabay
img_0204.png,princesas_y_castillos,Princesa con vestido verde junto a un dragón verde.,Pixabay
img_0205.png,princesas_y_castillos,Princesa y dragón amigable frente a un castillo.,Pixabay
img_0206.png,princesas_y_castillos,Niña observando un dragón volando sobre un castillo.,Pixabay
img_0207.png,princesas_y_castillos,Princesa tomando el té con un dragón.,Pixabay
img_0208.png,princesas_y_castillos,Princesa junto a un dragón verde frente a un castillo.,Pixabay
img_0209.png,princesas_y_castillos,"Príncipe, princesa y dragón verde frente a un castillo.",Pixabay
img_0210.png,princesas_y_castillos,Princesa montando un dragón rojo volador.,Pixabay
img_0211.png,princesas_y_castillos,Dragón naranja con armadura sosteniendo una espada frente a un castillo.,Pixabay
img_0212.png,princesas_y_castillos,Dragón morado frente a la entrada de un castillo.,Pixabay
img_0213.png,princesas_y_castillos,Castillo rodeado de dragones y unicornios.,Pixabay
img_0214.png,princesas_y_castillos,Dragones volando alrededor de un castillo rosado.,Pixabay
img_0215.png,princesas_y_castillos,Reyes y nobles reunidos en un salón real.,Pixabay
img_0216.png,princesas_y_castillos,Trono real dentro de un palacio.,Pixabay
img_0217.png,princesas_y_castillos,Familia real con dos niños.,Pixabay
img_0218.png,princesas_y_castillos,Princesa junto a un caballero con armadura.,Pixabay
img_0219.png,princesas_y_castillos,Príncipe y princesa enfrentando a un dragón rojo.,Pixabay
img_0220.png,princesas_y_castillos,Princesa junto a un caballero frente a un castillo.,Pixabay
img_0221.png,princesas_y_castillos,Princesa con vestido rosa junto a un caballero y una rana.,Pixabay
img_0222.png,princesas_y_castillos,Caballero y princesa en un jardín iluminado.,Pixabay
img_0223.png,princesas_y_castillos,Caballero levantando una espada frente a un castillo.,Pixabay
img_0224.png,princesas_y_castillos,Castillo fortificado con caballeros y caballos.,Pixabay
img_0225.png,princesas_y_castillos,Caballero montando un caballo frente a un castillo.,Pixabay
img_0226.png,princesas_y_castillos,Caballero montando un caballo frente a un castillo.,Pixabay
img_0227.png,princesas_y_castillos,Caballero con armadura montando un caballo naranja.,Pixabay
img_0228.png,princesas_y_castillos,Caballero a caballo frente a un castillo gris.,Pixabay
img_0229.png,princesas_y_castillos,Caballero junto a un león frente a un castillo.,Pixabay
img_0230.png,princesas_y_castillos,Caballero montando un caballo con lanza y escudo.,Pixabay
img_0231.png,princesas_y_castillos,Niño vestido de príncipe montando un caballo blanco.,Pixabay
img_0232.png,princesas_y_castillos,Niña y caballero frente a un castillo.,Pixabay
img_0233.png,princesas_y_castillos,Caballero y princesa frente a un castillo con un dragón volador.,Pixabay
img_0234.png,princesas_y_castillos,Dragón naranja volando sobre un castillo mientras observa una princesa.,Pixabay
img_0235.png,princesas_y_castillos,Caballero montando un caballo frente a un castillo lejano.,Pixabay
img_0236.png,princesas_y_castillos,Príncipe y princesa con vestimenta real.,Pixabay
img_0237.png,princesas_y_castillos,Caballero montando un caballo marrón.,Pixabay
img_0238.png,princesas_y_castillos,Hada princesa con alas rosadas.,Pixabay
img_0239.png,princesas_y_castillos,Hada de cabello lila con alas brillantes y varita mágica.,Pixabay
img_0240.png,princesas_y_castillos,Castillo mágico junto a un lago.,Pixabay
img_0241.png,princesas_y_castillos,Princesa frente a un castillo rosado.,Pixabay
img_0242.png,princesas_y_castillos,Rey junto a un castillo y un caballo.,Pixabay
img_0243.png,princesas_y_castillos,Rey conversando con un hombre junto a una piedra.,Pixabay
img_0244.png,princesas_y_castillos,Rey y princesa en un campo cerca de un castillo.,Pixabay
img_0245.png,princesas_y_castillos,Reina señalando a una multitud desde un balcón.,Pixabay
img_0246.png,princesas_y_castillos,Castillo de cristal junto a un lago helado.,Pixabay
img_0247.png,princesas_y_castillos,Castillo brillante bajo un arcoíris.,Pixabay
img_0248.png,princesas_y_castillos,Castillo flotante sobre las nubes.,Pixabay
img_0249.png,princesas_y_castillos,Sirena de cabello rojo con cola verde.,Pixabay
img_0250.png,princesas_y_castillos,Sirena de cabello naranja con cola azul.,Pixabay
img_0251.png,princesas_y_castillos,Sirena con corona y cabello rojo.,Pixabay
img_0252.png,princesas_y_castillos,Sirena de cabello rosado junto a unas ruinas submarinas.,Pixabay
img_0253.png,princesas_y_castillos,Sirena de cabello rosa con cola rosa.,Pixabay
img_0254.png,princesas_y_castillos,Sirena de cabello azul con cola turquesa.,Pixabay
img_0255.png,princesas_y_castillos,Castillo sobre una colina verde.,Pixabay
img_0256.png,princesas_y_castillos,princesa con vestido amarillo junto a una joven en un jardín.,Pixabay
img_0257.png,princesas_y_castillos,Tres hadas volando sobre un arcoíris.,Pixabay
img_0258.png,princesas_y_castillos,Princesa frente a un ogro verde en el bosque.,Pixabay
img_0259.png,princesas_y_castillos,Princesa con vestido rosa frente a un castillo.,Pixabay
img_0260.png,princesas_y_castillos,Hada rubia con vestido rosa y alas moradas.,Pixabay
img_0261.png,princesas_y_castillos,Niña dentro de una jaula observada por un gigante azul.,Pixabay
img_0262.png,princesas_y_castillos,Niño gigante sentado en una habitación.,Pixabay
img_0263.png,princesas_y_castillos,Princesa conversando con un ogro verde.,Pixabay
img_0264.png,princesas_y_castillos,Princesa con vestido rosa frente a un castillo morado.,Pixabay
img_0265.png,princesas_y_castillos,Princesa frente a un castillo con torres rojas.,Pixabay
img_0266.png,princesas_y_castillos,Princesa de cabello negro frente a un castillo azul.,Pixabay
img_0267.png,princesas_y_castillos,Princesa con un cachorro sobre la cabeza.,Pixabay
img_0268.png,princesas_y_castillos,Princesa abrazando un pato amarillo.,Pixabay
img_0269.png,princesas_y_castillos,Princesa rubia junto a un cisne blanco.,Pixabay
img_0270.png,princesas_y_castillos,Niña de cabello rizado junto a un venado frente a un castillo.,Pixabay
img_0271.png,princesas_y_castillos,Princesa rubia sosteniendo un cachorro blanco.,Pixabay
img_0272.png,princesas_y_castillos,Princesa con vestido amarillo junto a un perro.,Pixabay
img_0273.png,princesas_y_castillos,Hada princesa con un pequeño dragón.,Pixabay
img_0274.png,princesas_y_castillos,Princesa con vestido azul frente a un castillo.,Pixabay
img_0275.png,princesas_y_castillos,Princesa de cabello negro observando un pájaro.,Pixabay
img_0276.png,princesas_y_castillos,Bella y Bestia conversando.,Pixabay
img_0277.png,princesas_y_castillos,Princesa con tiara sosteniendo una rana.,Pixabay
img_0278.png,princesas_y_castillos,Princesa cuidando a una niña dormida.,Pixabay
img_0279.png,princesas_y_castillos,Princesa rubia junto a una gran montaña de guisantes.,Pixabay
img_0280.png,princesas_y_castillos,Princesa demonio con cuernos y alas de murciélago.,Pixabay
img_0281.png,princesas_y_castillos,Princesa con vestido azul brillante.,Pixabay
img_0282.png,princesas_y_castillos,Elfa de cabello azul con armadura.,Pixabay
img_0283.png,princesas_y_castillos,Reina elfa con vestido verde en el bosque.,Pixabay
img_0284.png,princesas_y_castillos,Princesa pelirroja con vestido azul claro.,Pixabay
img_0285.png,princesas_y_castillos,Reina elfa rubia con corona.,Pixabay
img_0286.png,princesas_y_castillos,Pez rey con corona dorada.,Pixabay
img_0287.png,princesas_y_castillos,Sirena de cabello azul sosteniendo dos peces dorados.,Pixabay
img_0288.png,princesas_y_castillos,Mujer con vestido azul y velo rosa.,Pixabay
img_0289.png,princesas_y_castillos,Mujer y niña con vestimenta real oriental.,Pixabay
img_0290.png,princesas_y_castillos,Princesa con vestido morado bajo la luna.,Pixabay
img_0291.png,princesas_y_castillos,Pocahontas recostada sobre la hierba.,Pixabay
img_0292.png,princesas_y_castillos,Pocahontas conversando con un hombre rubio.,Pixabay
img_0293.png,princesas_y_castillos,Pocahontas observando el horizonte.,Pixabay
img_0294.png,princesas_y_castillos,Pocahontas caminando por un bosque iluminado.,Pixabay
img_0295.png,princesas_y_castillos,Rey y reina con vestimenta real.,Pixabay
img_0296.png,princesas_y_castillos,Mujer con tocado de flores tropicales.,Pixabay
img_0297.png,princesas_y_castillos,Mujer sentada con flores en el cabello.,Pixabay
img_0298.png,princesas_y_castillos,Princesa pelirroja con vestido azul.,Pixabay
img_0299.png,princesas_y_castillos,Princesa pelirroja apuntando con un arco.,Pixabay
img_0300.png,princesas_y_castillos,Princesa pelirroja sosteniendo un arco en el bosque.,Pixabay
img_0301.png,princesas_y_castillos,Princesa sosteniendo un copo de nieve mágico.,Pixabay
img_0302.png,princesas_y_castillos,Príncipe inclinándose sobre una princesa dormida.,Pixabay
img_0303.png,princesas_y_castillos,Príncipe y princesa bailando en un salón real.,Pixabay
img_0304.png,princesas_y_castillos,Blancanieves recibiendo una manzana de una anciana.,Pixabay
img_0305.png,princesas_y_castillos,Blancanieves bailando con un príncipe rodeados de enanitos.,Pixabay
img_0306.png,princesas_y_castillos,Mulán sonriendo bajo un árbol en flor.,Pixabay
img_0307.png,princesas_y_castillos,Rapunzel junto a una rana vestida de princesa.,Pixabay
img_0308.png,princesas_y_castillos,Corona dorada con piedras preciosas.,Pixabay
img_0309.png,princesas_y_castillos,Corona mágica iluminada con destellos morados.,Pixabay
img_0310.png,princesas_y_castillos,Corona dorada brillante con gemas rosas.,Pixabay
img_0311.png,princesas_y_castillos,Espejo mágico con corona y varita.,Pixabay
img_0312.png,princesas_y_castillos,Corona dorada clásica.,Pixabay
img_0313.png,princesas_y_castillos,Corona dorada con corazones rojos.,Pixabay
img_0314.png,princesas_y_castillos,Bella leyendo un libro frente a un castillo.,Pixabay
img_0315.png,princesas_y_castillos,Príncipe y princesa bailando en un salón elegante.,Pixabay
img_0316.png,princesas_y_castillos,Princesas bailando en un salón real.,Pixabay
img_0317.png,princesas_y_castillos,Príncipe y princesa bailando en un gran salón.,Pixabay
img_0318.png,princesas_y_castillos,Princesa con vestido rosa bailando en un baile real.,Pixabay
img_0319.png,princesas_y_castillos,Bella y Bestia bailando en un salón iluminado.,Pixabay
img_0320.png,princesas_y_castillos,Princesa con vestido brillante en un salón de baile.,Pixabay
img_0321.png,princesas_y_castillos,Príncipe y princesa bailando en un palacio.,Pixabay
img_0322.png,princesas_y_castillos,Príncipe y princesa bailando rodeados de invitados.,Pixabay
img_0323.png,princesas_y_castillos,Pareja bailando abrazada en silueta.,Pixabay
img_0324.png,princesas_y_castillos,Princesa junto a un unicornio blanco en un jardín mágico.,Pixabay
img_0325.png,princesas_y_castillos,Princesa pelirroja con corona frente a un castillo nevado.,Pixabay
img_0326.png,princesas_y_castillos,Princesa pelirroja caminando por un sendero entre flores.,Pixabay
img_0327.png,princesas_y_castillos,Princesa de cabello negro con vestido azul claro.,Pixabay
img_0328.png,princesas_y_castillos,Princesa rubia con vestido azul y corona.,Pixabay
img_0329.png,princesas_y_castillos,Princesa caminando junto al mar.,Pixabay
img_0330.png,princesas_y_castillos,Princesa rubia con vestido rosa sosteniendo un regalo.,Pixabay
img_0331.png,princesas_y_castillos,Princesa sentada sobre un pastel con un unicornio.,Pixabay
img_0332.png,princesas_y_castillos,Princesa rubia detrás de un pastel de cumpleaños.,Pixabay
img_0333.png,princesas_y_castillos,Princesa rubia flotando con globos de colores.,Pixabay
img_0334.png,princesas_y_castillos,Niños celebrando una fiesta de cumpleaños.,Pixabay
img_0335.png,princesas_y_castillos,Príncipe sosteniendo un pastel de cumpleaños.,Pixabay
img_0336.png,princesas_y_castillos,Príncipe frente a un palacio colorido.,Pixabay
img_0337.png,princesas_y_castillos,Dragón azul frente a un castillo y un caballero.,Pixabay
img_0338.png,princesas_y_castillos,Príncipe con capa roja dentro de un castillo.,Pixabay
img_0339.png,princesas_y_castillos,Príncipe frente a un dragón verde.,Pixabay
img_0340.png,princesas_y_castillos,Caballero enfrentando dragones frente a un castillo.,Pixabay
img_0341.png,princesas_y_castillos,Princesa con corona rodeada de mariposas y flores.,Pixabay
img_0342.png,princesas_y_castillos,Princesa con vestido rosa.,Pixabay
img_0343.png,princesas_y_castillos,Mujer observando el horizonte al atardecer.,Pixabay
img_0344.png,princesas_y_castillos,Mujer bajo una tormenta con relámpagos.,Pixabay
img_0345.png,princesas_y_castillos,Mujer pelirroja observando un valle desde una colina.,Pixabay
img_0346.png,princesas_y_castillos,Princesa pelirroja observando un castillo a la distancia.,Pixabay
img_0347.png,princesas_y_castillos,Princesa pelirroja frente a un castillo sobre una colina.,Pixabay
img_0348.png,princesas_y_castillos,Mujer rubia con vestido rojo junto al mar.,Pixabay
img_0349.png,princesas_y_castillos,Mujer rubia con vestido azul en la playa.,Pixabay
img_0350.png,princesas_y_castillos,Reina oscura sentada sobre una calabaza iluminada.,Pixabay
img_0351.png,princesas_y_castillos,Reina oscura con vestido rojo rodeada de calabazas.,Pixabay
img_0352.png,princesas_y_castillos,Reina oscura con alas de murciélago sentada sobre una calabaza.,Pixabay
img_0353.png,princesas_y_castillos,Castillo gris con torres rojas.,Pixabay
img_0354.png,princesas_y_castillos,Reina con vestido morado y capa larga.,Pixabay
img_0355.png,princesas_y_castillos,Príncipe y princesa montando un caballo.,Pixabay
img_0356.png,princesas_y_castillos,Castillo blanco brillante con escalinata.,Pixabay
img_0357.png,princesas_y_castillos,Guerrera con capa roja luchando contra soldados.,Pixabay
img_0358.png,princesas_y_castillos,Princesa de cabello blanco sentada junto al mar.,Pixabay
img_0359.png,princesas_y_castillos,Reina rubia con armadura morada bajo árboles rosados.,Pixabay
img_0360.png,princesas_y_castillos,Dos príncipes y una princesa sonriendo juntos.,Pixabay
img_0361.png,princesas_y_castillos,Príncipe y princesa sonriendo frente a frente.,Pixabay
img_0362.png,princesas_y_castillos,Princesa de cabello trenzado iluminada por una luz dorada.,Pixabay
img_0363.png,princesas_y_castillos,Príncipe de cabello blanco frente a un vitral.,Pixabay
img_0364.png,princesas_y_castillos,Torre de castillo de piedra entre las nubes.,Pixabay
img_0365.png,princesas_y_castillos,Rana con corona dorada.,Pixabay
img_0366.png,princesas_y_castillos,Rana con corona sobre fondo negro.,Pixabay
img_0367.png,princesas_y_castillos,Castillo rosado entre nubes blancas.,Pixabay
img_0368.png,princesas_y_castillos,Unicornio azul sobre fondo negro.,Pixabay
img_0369.png,princesas_y_castillos,Princesa junto a un personaje con gorra roja.,Pixabay
img_0370.png,princesas_y_castillos,Princesa con alas sosteniendo a una niña frente a un castillo.,Pixabay
img_0371.png,princesas_y_castillos,Gato con corona y vestimenta real.,Pixabay
img_0372.png,princesas_y_castillos,Bruja caminando hacia un castillo bajo la luna llena.,Pixabay
img_0373.png,princesas_y_castillos,Camino rodeado de flores hacia un castillo lejano.,Pixabay
img_0374.png,princesas_y_castillos,Castillo pequeño construido alrededor de un árbol.,Pixabay
img_0375.png,princesas_y_castillos,Carruaje blanco tirado por caballos blancos.,Pixabay
img_0376.png,princesas_y_castillos,Caballero con armadura dorada y capa roja.,Pixabay
img_0377.png,princesas_y_castillos,Pequeño dragón rosado sosteniendo una paleta.,Pixabay
img_0378.png,princesas_y_castillos,Caballero con armadura dorada saludando.,Pixabay
img_0379.png,princesas_y_castillos,Mago anciano con túnica morada y bastón mágico.,Pixabay
img_0380.png,princesas_y_castillos,Princesa jugando fútbol como portera.,Pixabay
img_0381.png,princesas_y_castillos,Mujer de cabello oscuro frente a un castillo bajo una luna roja.,Pixabay
img_0382.png,princesas_y_castillos,Unicornio blanco con melena arcoíris.,Pixabay
img_0383.png,princesas_y_castillos,Pequeño unicornio de colores sobre fondo azul.,Pixabay
img_0384.png,princesas_y_castillos,Príncipe pelirrojo junto a una princesa pelirroja.,Pixabay
img_0385.png,princesas_y_castillos,Pequeño unicornio blanco con melena azul.,Pixabay
img_0386.png,princesas_y_castillos,Pequeño unicornio blanco sobre fondo rosa.,Pixabay
img_0387.png,princesas_y_castillos,Unicornio blanco con melena multicolor y flores.,Pixabay
img_0388.png,princesas_y_castillos,Elefante con corona caminando por el bosque.,Pixabay
img_0389.png,princesas_y_castillos,Dos coronas doradas con piedras preciosas.,Pixabay
img_0390.png,princesas_y_castillos,"Cerdo con corona, abrigo real y gafas oscuras.",Pixabay
img_0391.png,princesas_y_castillos,Hada con alas azules sosteniendo una varita mágica.,Pixabay
img_0392.png,princesas_y_castillos,Reina con vestido naranja y corona dorada.,Pixabay
img_0393.png,princesas_y_castillos,Príncipe sonriendo con uniforme azul.,Pixabay
img_0394.png,princesas_y_castillos,Castillo sobre una colina rodeado de montañas.,Pixabay
img_0395.png,princesas_y_castillos,Princesa de cabello blanco abrazando un unicornio.,Pixabay
img_0396.png,princesas_y_castillos,Princesa rubia con vestido rosa.,Pixabay
img_0397.png,princesas_y_castillos,Princesa caminando hacia un castillo junto a un lago.,Pixabay
img_0398.png,princesas_y_castillos,Príncipe y princesa sonriendo juntos.,Pixabay
img_0399.png,princesas_y_castillos,Niña con corona escondida entre hojas gigantes.,Pixabay
img_0400.png,princesas_y_castillos,Castillo rosado rodeado de árboles.,Pixabay
img_0401.png,princesas_y_castillos,Castillo rosado junto a un río.,Pixabay
img_0402.png,princesas_y_castillos,Castillo rosado con torres azules.,Pixabay
img_0403.png,princesas_y_castillos,Castillo blanco sobre una colina verde.,Pixabay
img_0404.png,princesas_y_castillos,Salón de hielo con columnas cristalinas.,Pixabay
img_0405.png,princesas_y_castillos,Pareja observando el paisaje frente a las montañas.,Pixabay
img_0406.png,princesas_y_castillos,Príncipe y princesa en un cuento de hadas.,Pixabay
img_0407.png,princesas_y_castillos,Rapunzel asomándose con una rana sobre el hombro.,Pixabay
img_0408.png,princesas_y_castillos,Castillo rosado con torres de colores.,Pixabay
img_0409.png,princesas_y_castillos,Dragón volando sobre un castillo gris.,Pixabay
img_0410.png,princesas_y_castillos,Castillo de juguete con torres azules y rojas.,Pixabay
img_0411.png,princesas_y_castillos,Salón real con escalinata de mármol.,Pixabay
img_0412.png,princesas_y_castillos,Castillo rosado sobre una nube.,Pixabay
img_0413.png,princesas_y_castillos,Dos princesas rubias frente a un castillo.,Pixabay
img_0414.png,princesas_y_castillos,Castillo entre nubes y estrellas.,Pixabay
img_0415.png,princesas_y_castillos,Castillo blanco bajo un arcoíris rodeado de flores.,Pixabay
img_0416.png,princesas_y_castillos,Castillo flotante sobre cascadas.,Pixabay
img_0417.png,princesas_y_castillos,Castillo rosado bajo un arcoíris.,Pixabay
img_0418.png,princesas_y_castillos,Grupo de personajes caminando junto a un río.,Pixabay
img_0419.png,princesas_y_castillos,Silueta azul de un castillo mágico.,Pixabay
img_0420.png,princesas_y_castillos,Castillo sobre una colina iluminada por el sol.,Pixabay
img_0421.png,princesas_y_castillos,Castillo flotante sobre una isla en el cielo.,Pixabay
img_0422.png,princesas_y_castillos,Castillo colorido con torres moradas y azules.,Pixabay
img_0423.png,princesas_y_castillos,Castillo rosado con torres de colores.,Pixabay
img_0424.png,princesas_y_castillos,Castillo rosado junto a un lago y montañas.,Pixabay
img_0425.png,princesas_y_castillos,Camino hacia un castillo bajo un arcoíris.,Pixabay
img_0426.png,princesas_y_castillos,Castillo rojo entre árboles y montañas.,Pixabay
img_0427.png,princesas_y_castillos,Castillo rosado rodeado de flores.,Pixabay
img_0428.png,princesas_y_castillos,Castillo morado bajo un arcoíris.,Pixabay
img_0429.png,princesas_y_castillos,Princesa pelirroja con vestido rosa y verde.,Pixabay
img_0430.png,princesas_y_castillos,Castillo blanco con torres de colores.,Pixabay
img_0431.png,princesas_y_castillos,Castillo de arena rodeado por el mar.,Pixabay
img_0432.png,princesas_y_castillos,Castillo gris rodeado de flores y árboles rosados.,Pixabay
img_0433.png,princesas_y_castillos,Castillos flotando sobre islas en las nubes.,Pixabay
img_0434.png,princesas_y_castillos,Castillo rosado junto a un sendero.,Pixabay
img_0435.png,princesas_y_castillos,Príncipe y princesa abrazados frente a un castillo.,Pixabay
img_0436.png,princesas_y_castillos,Castillo amarillo con cúpulas azules.,Pixabay
img_0437.png,princesas_y_castillos,Castillo rosado entre montañas y jardines.,Pixabay
img_0438.png,princesas_y_castillos,Torre de castillo entre las nubes.,Pixabay
img_0439.png,princesas_y_castillos,Castillo rosado flotando sobre una nube.,Pixabay
img_0440.png,princesas_y_castillos,Princesa con vestido rosa rodeada de flores.,Pixabay
img_0441.png,princesas_y_castillos,"Castillos blancos entre nubes, estrellas y arcoíris.",Pixabay
img_0442.png,princesas_y_castillos,Castillo azul junto a un lago tranquilo.,Pixabay
img_0443.png,princesas_y_castillos,Valle mágico con un castillo al fondo.,Pixabay
img_0444.png,princesas_y_castillos,Castillo sobre una colina bajo un arcoíris y corazones.,Pixabay
img_0445.png,princesas_y_castillos,Castillo morado flotando sobre una nube.,Pixabay
img_0446.png,princesas_y_castillos,Cenicienta con vestido brillante en un baile real.,Pixabay
img_0447.png,princesas_y_castillos,Grupo de niños junto a mascotas en un mundo de fantasía.,Pixabay
img_0448.png,princesas_y_castillos,Castillo rosado sobre una colina iluminada por el sol.,Pixabay
img_0449.png,princesas_y_castillos,Príncipe con corona sosteniendo una espada.,Pixabay
img_0450.png,princesas_y_castillos,Principito con capa azul y espada.,Pixabay
img_0451.png,princesas_y_castillos,Princesa rubia frente a un castillo y un arcoíris.,Pixabay
img_0452.png,princesas_y_castillos,Príncipe con chaleco morado y medalla dorada.,Pixabay
img_0453.png,princesas_y_castillos,Príncipe arrodillado ofreciendo una rosa a una princesa.,Pixabay
img_0454.png,princesas_y_castillos,Príncipe abrazando a una princesa de cabello rojo.,Pixabay
img_0455.png,princesas_y_castillos,Niños asomados a las ventanas de un castillo entre las nubes.,Pixabay
img_0456.png,princesas_y_castillos,Princesa y príncipe frente a un castillo.,Pixabay
img_0457.png,princesas_y_castillos,Princesa con vestido rosa frente a un castillo.,Pixabay
img_0458.png,princesas_y_castillos,Niña rubia junto a un castillo rosado.,Pixabay
img_0459.png,princesas_y_castillos,Princesa caminando por un jardín frente a un castillo.,Pixabay
img_0460.png,princesas_y_castillos,Príncipe entregando flores a una princesa frente a un castillo.,Pixabay
img_0461.png,princesas_y_castillos,Príncipe y princesa frente a un castillo junto a un lago.,Pixabay
img_0462.png,princesas_y_castillos,Princesa de hielo bailando bajo las estrellas.,Pixabay
img_0463.png,princesas_y_castillos,Princesa caminando hacia un castillo rosado.,Pixabay
img_0464.png,princesas_y_castillos,Princesa rubia frente a un castillo bajo la luna llena.,Pixabay
img_0465.png,princesas_y_castillos,Princesa con corona y vestido rosa.,Pixabay
img_0466.png,princesas_y_castillos,Castillo morado rodeado de personajes y un dragón rojo.,Pixabay
img_0467.png,princesas_y_castillos,Castillo rosado decorado con flores y luces.,Pixabay
img_0468.png,princesas_y_castillos,Príncipe y princesa frente a un castillo blanco.,Pixabay
img_0469.png,princesas_y_castillos,Príncipe abrazando a una princesa en un bosque encantado.,Pixabay
img_0470.png,princesas_y_castillos,Unicornio y dragón frente a un castillo bajo un arcoíris.,Pixabay
img_0471.png,princesas_y_castillos,Castillo rosado bajo un arcoíris.,Pixabay
img_0472.png,princesas_y_castillos,Príncipe y princesa junto a un caballo frente a un castillo.,Pixabay
img_0473.png,princesas_y_castillos,Princesa rubia abrazando un gato gris.,Pixabay
img_0474.png,princesas_y_castillos,Blancanieves caminando por un jardín de rosas.,Pixabay
img_0475.png,princesas_y_castillos,Princesa observando un castillo entre flores.,Pixabay
img_0476.png,princesas_y_castillos,Carruaje tirado por un unicornio frente a un castillo.,Pixabay
img_0477.png,princesas_y_castillos,Princesa con vestido rosa frente a un castillo morado.,Pixabay
img_0478.png,princesas_y_castillos,Mujer observando a un bebé en una cuna.,Pixabay
img_0479.png,princesas_y_castillos,Princesa caminando hacia un castillo a través de un portal mágico.,Pixabay
img_0480.png,princesas_y_castillos,Princesa rubia con vestido azul frente a un castillo rosado.,Pixabay
img_0481.png,princesas_y_castillos,Princesa con vestido rosa caminando entre flores frente a un castillo.,Pixabay
img_0482.png,princesas_y_castillos,Castillo junto al mar sobre una colina.,Pixabay
img_0483.png,princesas_y_castillos,Príncipe y princesa bailando frente a un castillo iluminado.,Pixabay
img_0484.png,princesas_y_castillos,Princesa caricatura con corona y vestido rosa.,Pixabay
img_0485.png,princesas_y_castillos,Castillo rosado bajo un arcoíris.,Pixabay
img_0486.png,princesas_y_castillos,Castillo azul rodeado de flores y nubes.,Pixabay
img_0487.png,princesas_y_castillos,Princesa rubia con vestido morado sentada.,Pixabay
img_0488.png,princesas_y_castillos,Castillo rosado junto a un río y un arcoíris.,Pixabay
img_0489.png,princesas_y_castillos,Palacio iluminado por la luna llena.,Pixabay
img_0490.png,princesas_y_castillos,Castillo rosado rodeado de flores.,Pixabay
img_0491.png,princesas_y_castillos,Princesa junto a un castillo blanco.,Pixabay
img_0492.png,princesas_y_castillos,Princesa con vestido rosa en un jardín.,Pixabay
img_0493.png,princesas_y_castillos,Princesa con vestido rosa entre árboles frutales.,Pixabay
img_0494.png,princesas_y_castillos,Princesa con vestido azul frente a un castillo al atardecer.,Pixabay
img_0495.png,princesas_y_castillos,"Tres princesas con vestidos rosa, amarillo y azul.",Pixabay
img_0496.png,princesas_y_castillos,Princesa jugando en un jardín junto a un castillo.,Pixabay
img_0497.png,princesas_y_castillos,Princesa pelirroja sentada entre flores y mariposas.,Pixabay
img_0498.png,princesas_y_castillos,Princesa caminando por un bosque iluminado.,Pixabay
img_0499.png,princesas_y_castillos,Princesa pelirroja rodeada de flores y mariposas.,Pixabay
img_0500.png,princesas_y_castillos,Princesa con vestido rosa en un palacio.,Pixabay
img_0501.png,princesas_y_castillos,Princesa sentada junto a una fuente en un jardín.,Pixabay
img_0502.png,princesas_y_castillos,Dos hadas volando frente a un castillo.,Pixabay
img_0503.png,princesas_y_castillos,Niña sosteniendo flores en un bosque.,Pixabay
img_0504.png,princesas_y_castillos,Princesa rubia frente a una casa en un árbol iluminada.,Pixabay
img_0505.png,princesas_y_castillos,Princesa con vestido morado caminando por un jardín.,Pixabay
img_0506.png,princesas_y_castillos,Princesa de cabello rizado con vestido azul.,Pixabay
img_0507.png,princesas_y_castillos,Grupo de princesas frente a un castillo.,Pixabay
img_0508.png,princesas_y_castillos,Princesa sentada en un salón real.,Pixabay
img_0509.png,princesas_y_castillos,Princesa sentada en un trono rodeada de luces mágicas.,Pixabay
img_0510.png,princesas_y_castillos,Príncipe y princesa montando un caballo blanco frente a un castillo.,Pixabay
img_0511.png,princesas_y_castillos,Princesa pelirroja con vestido verde frente a un castillo.,Pixabay
img_0512.png,princesas_y_castillos,Princesa sosteniendo un hada sobre la mano.,Pixabay
img_0513.png,princesas_y_castillos,Carruaje real cruzando un puente sobre un estanque.,Pixabay
img_0514.png,princesas_y_castillos,Hada de cabello lila con vestido rosa.,Pixabay
img_0515.png,princesas_y_castillos,Niña rodeada de flores junto a un cachorro.,Pixabay
img_0516.png,princesas_y_castillos,Príncipe abrazando a una princesa en un bosque encantado.,Pixabay
img_0517.png,princesas_y_castillos,Príncipe y princesa frente a un castillo bajo un arcoíris.,Pixabay
img_0518.png,princesas_y_castillos,Príncipe y princesa frente a un castillo iluminado por la luna.,Pixabay
img_0519.png,princesas_y_castillos,Príncipe y princesa sonriendo frente a un arcoíris.,Pixabay
img_0520.png,princesas_y_castillos,"Príncipe, princesa y unicornio bajo un arcoíris.",Pixabay
img_0521.png,princesas_y_castillos,Blancanieves conversando con un príncipe.,Pixabay
img_0522.png,princesas_y_castillos,Castillo junto al agua rodeado de jardines.,Pixabay
img_0523.png,princesas_y_castillos,Castillo rosado bajo un arcoíris.,Pixabay
img_0524.png,princesas_y_castillos,Castillo blanco rodeado de árboles rosados.,Pixabay
img_0525.png,princesas_y_castillos,Niña abrazando un unicornio blanco.,Pixabay
img_0526.png,princesas_y_castillos,Príncipe y princesa montando un unicornio blanco.,Pixabay
img_0527.png,princesas_y_castillos,Príncipe y princesa montando un unicornio blanco dentro de un círculo rosa.,Pixabay
img_0528.png,princesas_y_castillos,Princesa con vestido morado junto a un unicornio bajo un arcoíris.,Pixabay
img_0529.png,princesas_y_castillos,Rey con corona montando un caballo marrón.,Pixabay
img_0530.png,princesas_y_castillos,Rey montando un caballo blanco.,Pixabay
img_0531.png,princesas_y_castillos,Novios bajo un arco de flores.,Pixabay
img_0532.png,princesas_y_castillos,Princesa sentada junto a un pequeño dragón azul.,Pixabay
img_0533.png,princesas_y_castillos,Niña junto a un dragón azul sonriente.,Pixabay
img_0534.png,princesas_y_castillos,Hada princesa con un pequeño dragón.,Pixabay
img_0535.png,princesas_y_castillos,Niña rubia abrazando un dragón rojo.,Pixabay
img_0536.png,princesas_y_castillos,Princesa junto a un pequeño dragón dorado frente a un castillo.,Pixabay
img_0537.png,princesas_y_castillos,Princesa rubia montando un dragón azul.,Pixabay
img_0538.png,princesas_y_castillos,Niña de cabello largo acariciando un pequeño dragón.,Pixabay
img_0539.png,princesas_y_castillos,Niña observando un dragón verde junto a una torre.,Pixabay
img_0540.png,princesas_y_castillos,Dragón naranja volando sobre un castillo.,Pixabay
img_0541.png,princesas_y_castillos,Dragón morado posado sobre una torre de piedra.,Pixabay
img_0542.png,princesas_y_castillos,Príncipes y princesas asomados a una torre rosada.,Pixabay
img_0543.png,princesas_y_castillos,Rey con corona sentado en un trono.,Pixabay
img_0544.png,princesas_y_castillos,Rey y princesa de cabello rojo conversando.,Pixabay
img_0545.png,princesas_y_castillos,Rey y reina con coronas enfrentados.,Pixabay
img_0546.png,princesas_y_castillos,Príncipe y princesa junto a una torre de castillo.,Pixabay
img_0547.png,princesas_y_castillos,Príncipe arrodillado con espada frente a una princesa.,Pixabay
img_0548.png,princesas_y_castillos,Dragón verde frente a un caballero y una princesa.,Pixabay
img_0549.png,princesas_y_castillos,Princesa junto a un caballero con armadura.,Pixabay
img_0550.png,princesas_y_castillos,Princesa y caballero abrazados.,Pixabay
img_0551.png,princesas_y_castillos,Caballero y princesa enfrentando a un dragón.,Pixabay
img_0552.png,princesas_y_castillos,Caballero cargando a una princesa mientras esquiva flechas.,Pixabay
img_0553.png,princesas_y_castillos,Princesa abrazando a un caballero con armadura.,Pixabay
img_0554.png,princesas_y_castillos,Niños junto a un dragón rojo frente a un castillo.,Pixabay
img_0555.png,princesas_y_castillos,Caballero montando un caballo blanco.,Pixabay
img_0556.png,princesas_y_castillos,Caballero montando un caballo marrón con una espada.,Pixabay
img_0557.png,princesas_y_castillos,Caballero montando un caballo blanco frente a una puerta de castillo.,Pixabay
img_0558.png,princesas_y_castillos,Caballero montando un caballo rojo frente a un castillo.,Pixabay
img_0559.png,princesas_y_castillos,Caballero con capa roja montando un caballo negro.,Pixabay
img_0560.png,princesas_y_castillos,Caballero con lanza montando un caballo marrón.,Pixabay
img_0561.png,princesas_y_castillos,Caballero montando un caballo amarillo.,Pixabay
img_0562.png,princesas_y_castillos,Joven caballero con espada y escudo frente a un castillo.,Pixabay
img_0563.png,princesas_y_castillos,Caballero con hacha montando un caballo blanco.,Pixabay
img_0564.png,princesas_y_castillos,Princesa montando un caballo en un bosque encantado.,Pixabay
img_0565.png,princesas_y_castillos,Príncipe montando un unicornio blanco frente a un castillo.,Pixabay
img_0566.png,princesas_y_castillos,Caballero montando un caballo naranja con una lanza.,Pixabay
img_0567.png,princesas_y_castillos,Joven caballero montando un unicornio blanco.,Pixabay
img_0568.png,princesas_y_castillos,Caballero enfrentando a un dragón verde junto a una princesa.,Pixabay
img_0569.png,princesas_y_castillos,Caballero montando un caballo marrón con una espada.,Pixabay
img_0570.png,princesas_y_castillos,Caballero montando un caballo beige.,Pixabay
img_0571.png,princesas_y_castillos,Caballero sosteniendo una espada junto a una princesa.,Pixabay
img_0572.png,princesas_y_castillos,Princesa montando un dragón azul junto a un caballero.,Pixabay
img_0573.png,princesas_y_castillos,Grupo de personajes explorando un reino de fantasía.,Pixabay
img_0574.png,princesas_y_castillos,Rey y reina caricatura con coronas.,Pixabay
img_0575.png,princesas_y_castillos,Caballero rubio junto a un caballo y un pato.,Pixabay
img_0576.png,princesas_y_castillos,Niños junto a un unicornio y una llama.,Pixabay
img_0577.png,princesas_y_castillos,Príncipe y princesa frente a un castillo con un unicornio.,Pixabay
img_0578.png,princesas_y_castillos,Príncipe enfrentando a un anciano encapuchado.,Pixabay
img_0579.png,princesas_y_castillos,Príncipe observando a una princesa a través de una puerta.,Pixabay
img_0580.png,princesas_y_castillos,Princesa montando un unicornio blanco.,Pixabay
img_0581.png,princesas_y_castillos,Aladdín y Jasmine bailando juntos.,Pixabay
img_0582.png,princesas_y_castillos,Princesa pelirroja con vestido azul y corona.,Pixabay
img_0583.png,princesas_y_castillos,Niños junto a un unicornio en un reino de fantasía.,Pixabay
img_0584.png,princesas_y_castillos,Caballero con escudo frente a una casa de campo.,Pixabay
img_0585.png,princesas_y_castillos,Torre mágica brillante entre las nubes.,Pixabay
img_0586.png,princesas_y_castillos,astillo flotante sobre islas en el cielo.,Pixabay
img_0587.png,princesas_y_castillos,Castillo cubierto de nieve en un paisaje invernal.,Pixabay
img_0588.png,princesas_y_castillos,Sirena de cabello rosa bajo el mar.,Pixabay
img_0589.png,princesas_y_castillos,Blancanieves sosteniendo un conejo blanco.,Pixabay
img_0590.png,princesas_y_castillos,Blancanieves observando un pájaro en el bosque.,Pixabay
img_0591.png,princesas_y_castillos,Blancanieves rodeada de animales del bosque.,Pixabay
img_0592.png,princesas_y_castillos,Tiana con vestido azul en un salón real.,Pixabay
img_0593.png,princesas_y_castillos,Rapunzel rodeada de aves y ardillas en el bosque.,Pixabay
img_0594.png,princesas_y_castillos,Rapunzel sentada junto a un río en el bosque.,Pixabay
img_0595.png,princesas_y_castillos,Tiana sosteniendo una rana sobre la mano.,Pixabay
img_0596.png,princesas_y_castillos,Cenicienta tropezando mientras huye.,Pixabay
img_0597.png,princesas_y_castillos,Cenicienta bailando con el Hada Madrina.,Pixabay
img_0598.png,princesas_y_castillos,Jasmine sonriendo junto a una ventana.,Pixabay
img_0599.png,princesas_y_castillos,Blancanieves sorprendida dentro de una cabaña.,Pixabay
img_0600.png,princesas_y_castillos,Princesa sentada sobre una gran montaña de colchones.,Pixabay
img_0601.png,princesas_y_castillos,Princesa niña con corona y capa roja.,Pixabay
img_0602.png,princesas_y_castillos,Princesa con vestido tradicional rojo y velo.,Pixabay
img_0603.png,princesas_y_castillos,Mujer con velo azul claro.,Pixabay
img_0604.png,princesas_y_castillos,Pocahontas observando una mano extendida.,Pixabay
img_0605.png,princesas_y_castillos,Pocahontas junto a un mapache.,Pixabay
img_0606.png,princesas_y_castillos,Pocahontas conversando con un hombre en un barco.,Pixabay
img_0607.png,princesas_y_castillos,Pocahontas besando a un príncipe.,Pixabay
img_0608.png,princesas_y_castillos,Moana con corona de flores y falda tradicional.,Pixabay
img_0609.png,princesas_y_castillos,Moana en la playa al atardecer.,Pixabay
img_0610.png,princesas_y_castillos,Moana rodeada de flores tropicales.,Pixabay
img_0611.png,princesas_y_castillos,Moana con vestido tradicional y cabello rizado.,Pixabay
img_0612.png,princesas_y_castillos,Anna y Elsa sorprendidas en un puente.,Pixabay
img_0613.png,princesas_y_castillos,Elsa usando magia de hielo en un escenario.,Pixabay
img_0614.png,princesas_y_castillos,Anna construyendo un muñeco de nieve junto a Elsa.,Pixabay
img_0615.png,princesas_y_castillos,"Elsa, Anna y Kristoff observando algo a la distancia.",Pixabay
img_0616.png,princesas_y_castillos,Bella Durmiente siendo despertada por un príncipe.,Pixabay
img_0617.png,princesas_y_castillos,Princesa dormida en una cama mientras un príncipe observa.,Pixabay
img_0618.png,princesas_y_castillos,Bella Durmiente descansando en una cama real.,Pixabay
img_0619.png,princesas_y_castillos,Tres hadas observando detrás de una puerta.,Pixabay
img_0620.png,princesas_y_castillos,Mulán observando una ciudad iluminada por la noche.,Pixabay
img_0621.png,princesas_y_castillos,Mulán sonriendo bajo un árbol en flor.,Pixabay
img_0622.png,princesas_y_castillos,Mulán con vestimenta tradicional y peinado recogido.,Pixabay
img_0623.png,princesas_y_castillos,Rapunzel sosteniendo una linterna brillante.,Pixabay
img_0624.png,princesas_y_castillos,Corona dorada con gemas rojas.,Pixabay
img_0625.png,princesas_y_castillos,Niña rubia leyendo un libro de cuentos de princesas.,Pixabay
img_0626.png,princesas_y_castillos,Pareja bailando en un salón elegante.,Pixabay
img_0627.png,princesas_y_castillos,Mujer hilando lana junto a un muñeco de madera.,Pixabay
img_0628.png,princesas_y_castillos,Rapunzel asomándose desde una torre rodeada de flores.,Pixabay
img_0629.png,princesas_y_castillos,Princesa con vestido rosa y corona en un jardín.,Pixabay
img_0630.png,princesas_y_castillos,Princesa con vestido azul y corona frente a un palacio.,Pixabay
img_0631.png,princesas_y_castillos,Princesa observando un pájaro desde una ventana.,Pixabay
img_0632.png,princesas_y_castillos,Princesa dormida en una cama con dosel.,Pixabay
img_0633.png,princesas_y_castillos,Rapunzel pintando un retrato.,Pixabay
img_0634.png,princesas_y_castillos,Rapunzel leyendo un libro sentada en el suelo.,Pixabay
img_0635.png,princesas_y_castillos,Bella leyendo un libro en un jardín.,Pixabay
img_0636.png,princesas_y_castillos,Princesa pelirroja asomada a una ventana.,Pixabay
img_0637.png,princesas_y_castillos,Sirena pelirroja observando la luna sobre el mar.,Pixabay
img_0638.png,princesas_y_castillos,Princesa dormida entre flores brillantes.,Pixabay
img_0639.png,princesas_y_castillos,Princesa montando un unicornio sobre una isla flotante.,Pixabay
img_0640.png,princesas_y_castillos,Princesa con vestido verde.,Pixabay
img_0641.png,princesas_y_castillos,Princesa con vestido rosa y corona.,Pixabay
img_0642.png,princesas_y_castillos,Bufón con sombrero azul y cascabeles.,Pixabay
img_0643.png,princesas_y_castillos,Princesa leyendo un libro sentada en el césped.,Pixabay
img_0644.png,princesas_y_castillos,Dos princesas tomadas de la mano frente a un fondo arcoíris.,Pixabay
img_0645.png,princesas_y_castillos,Princesa con tiara y vestido azul.,Pixabay
img_0646.png,princesas_y_castillos,Princesa frente a un dragón rojo en el bosque.,Pixabay
img_0647.png,princesas_y_castillos,Princesa pelirroja junto a un dragón verde frente a un castillo.,Pixabay
img_0648.png,princesas_y_castillos,Grupo de cuatro princesas con vestidos de colores.,Pixabay
img_0649.png,princesas_y_castillos,Princesa pelirroja frente a un castillo y campos de lavanda.,Pixabay
img_0650.png,princesas_y_castillos,Dos hadas abrazadas frente a un castillo submarino.,Pixabay
img_0651.png,princesas_y_castillos,Príncipe niño con corona sentado en el suelo.,Pixabay
img_0652.png,princesas_y_castillos,Príncipe con espada frente a un castillo rojo.,Pixabay
img_0653.png,princesas_y_castillos,Príncipe frente a un palacio colorido.,Pixabay
img_0654.png,princesas_y_castillos,Príncipe con sombrero rojo en un jardín junto a un castillo.,Pixabay
img_0655.png,princesas_y_castillos,Príncipe y princesa frente a un castillo bajo la luna.,Pixabay
img_0656.png,princesas_y_castillos,Príncipe niño junto a un castillo lejano.,Pixabay
img_0657.png,princesas_y_castillos,Princesa de cabello rosa con vestido rosa.,Pixabay
img_0658.png,princesas_y_castillos,Princesa para colorear frente a un castillo.,Pixabay
img_0659.png,princesas_y_castillos,"Castillo en una ilustración antigua, letra I inicio cuento.",Pixabay
img_0660.png,princesas_y_castillos,Bella con vestido amarillo sosteniendo una rosa roja.,Pixabay
img_0661.png,princesas_y_castillos,Castillo en una ilustración en blanco y negro.,Pixabay
img_0662.png,princesas_y_castillos,Princesa pelirroja con vestido morado.,Pixabay
img_0663.png,princesas_y_castillos,Dragón junto a un castillo en una ilustración en blanco y negro.,Pixabay
img_0664.png,princesas_y_castillos,Princesa de cabello negro con vestido rosa.,Pixabay
img_0665.png,princesas_y_castillos,Escena de cuento clásico en una ilustración en blanco y negro.,Pixabay
img_0666.png,princesas_y_castillos,Princesa pelirroja con vestido rosa.,Pixabay
img_0667.png,princesas_y_castillos,Castillo con un ave gigante en una ilustración en blanco y negro.,Pixabay
img_0668.png,princesas_y_castillos,Princesa rubia con vestido rosa.,Pixabay
img_0669.png,princesas_y_castillos,Anciano en una habitación en una ilustración clásica.,Pixabay
img_0670.png,princesas_y_castillos,Princesa con vestido morado y corona.,Pixabay
img_0671.png,princesas_y_castillos,Escena de desfile real en una ilustración clásica.,Pixabay
img_0672.png,princesas_y_castillos,Pequeño unicornio rosa con vestido amarillo.,Pixabay
img_0673.png,princesas_y_castillos,Escena de cuento clásico en un jardín florido.,Pixabay
img_0674.png,princesas_y_castillos,Princesa elfa de cabello rubio sobre fondo negro.,Pixabay
img_0675.png,princesas_y_castillos,Jinete montando un caballo en una ilustración clásica.,Pixabay
img_0676.png,princesas_y_castillos,Mujer observando un reino al atardecer desde un arco de piedra.,Pixabay
img_0677.png,princesas_y_castillos,Escena de cuento clásico en un jardín junto a un castillo.,Pixabay
img_0678.png,princesas_y_castillos,Princesa guerrera con armadura y espada.,Pixabay
img_0679.png,princesas_y_castillos,Escena de cuento clásico dentro de una habitación.,Pixabay
img_0680.png,princesas_y_castillos,"Princesa guerrera con armadura, capa verde y espada.",Pixabay
img_0681.png,princesas_y_castillos,Carruaje cruzando un río en una ilustración clásica.,Pixabay
img_0682.png,princesas_y_castillos,Reina con vestido naranja y corona dorada.,Pixabay
img_0683.png,princesas_y_castillos,Escena de cuento clásico en un bosque encantado.,Pixabay
img_0684.png,princesas_y_castillos,Castillo rosado bajo un arcoíris entre nubes.,Pixabay
img_0685.png,princesas_y_castillos,Rey y reina en una ilustración clásica.,Pixabay
img_0686.png,princesas_y_castillos,Castillo rosado bajo un arcoíris rodeado de flores.,Pixabay
img_0687.png,princesas_y_castillos,Escena de cuento clásico dentro de una casa.,Pixabay
img_0688.png,princesas_y_castillos,Princesa rubia con vestido rosa.,Pixabay
img_0689.png,princesas_y_castillos,Mujer con vestido rojo en una ilustración clásica.,Pixabay
img_0690.png,princesas_y_castillos,Hada de cabello rojo con alas azules.,Pixabay
img_0691.png,princesas_y_castillos,Escena de cuento clásico junto a una cama.,Pixabay
img_0692.png,princesas_y_castillos,Princesa rubia con vestido azul y corona.,Pixabay
img_0693.png,princesas_y_castillos,Persona observando por una ventana en una ilustración clásica.,Pixabay
img_0694.png,princesas_y_castillos,Princesa con vestido morado y corona.,Pixabay
img_0695.png,princesas_y_castillos,Niña ofreciendo algo a otra niña en una ilustración clásica.,Pixabay
img_0696.png,princesas_y_castillos,Princesa junto a un dragón verde.,Pixabay
img_0697.png,princesas_y_castillos,Escena de cuento clásico dentro de una habitación.,Pixabay
img_0698.png,princesas_y_castillos,Princesa con vestido rojo oscuro.,Pixabay
img_0699.png,princesas_y_castillos,Niña y hombre frente a una tienda en una ilustración clásica.,Pixabay
img_0700.png,princesas_y_castillos,Princesa rubia con vestido azul claro.,Pixabay
img_0701.png,princesas_y_castillos,Escena de cuento clásico junto a una cama.,Pixabay
img_0702.png,princesas_y_castillos,Princesa junto a una rana en un pozo.,Pixabay
img_0703.png,princesas_y_castillos,Ilustración anatómica estilizada de una princesa.,Pixabay
img_0704.png,princesas_y_castillos,Mujer de cabello oscuro sosteniendo un libro.,Pixabay
img_0705.png,princesas_y_castillos,Retrato de una mujer en una ilustración clásica.,Pixabay
img_0706.png,princesas_y_castillos,Princesa de cabello rosa sentada sobre una nube bajo un arcoíris.,Pixabay
img_0707.png,princesas_y_castillos,Retrato antiguo de una princesa.,Pixabay
img_0708.png,princesas_y_castillos,Princesa con vestido azul y corona dorada.,Pixabay
img_0709.png,princesas_y_castillos,Retrato antiguo de una princesa.,Pixabay
img_0710.png,princesas_y_castillos,Princesa rubia con vestido azul claro.,Pixabay
img_0711.png,princesas_y_castillos,Torre y princesa en una ilustración clásica en blanco y negro.,Pixabay
img_0712.png,princesas_y_castillos,Torre de castillo gris con techo morado.,Pixabay
img_0713.png,princesas_y_castillos,Princesa asomada a una ventana en una ilustración clásica.,Pixabay
img_0714.png,princesas_y_castillos,Volcán en una ilustración en blanco y negro.,Pixabay
img_0715.png,princesas_y_castillos,Portada de libro de cuentos de hadas con hadas voladoras.,Pixabay
img_0716.png,princesas_y_castillos,Caballero junto a una hoguera en un bosque oscuro.,Pixabay
img_0717.png,princesas_y_castillos,Sello ilustrado con una rana pescando.,Pixabay
img_0718.png,princesas_y_castillos,Salón de castillo con un unicornio blanco.,Pixabay
img_0719.png,princesas_y_castillos,Princesa dormida en una cama en una ilustración clásica.,Pixabay
img_0720.png,princesas_y_castillos,Retrato antiguo de una princesa.,Pixabay
img_0721.png,princesas_y_castillos,Portada de revista antigua con una mujer y una niña.,Pixabay
img_0722.png,princesas_y_castillos,Retrato fotográfico antiguo de una reina o noble.,Pixabay
img_0723.png,princesas_y_castillos,Dibujo arquitectónico de una mansión clásica.,Pixabay
img_0724.png,princesas_y_castillos,Castillo de piedra con una gran torre central.,Pixabay
img_0725.png,princesas_y_castillos,Castillo antiguo en una ilustración en blanco y negro.,Pixabay
img_0726.png,princesas_y_castillos,Caballeros junto a una princesa en una ilustración medieval.,Pixabay
img_0727.png,princesas_y_castillos,Castillo sobre una montaña rocosa.,Pixabay
img_0728.png,princesas_y_castillos,Paisaje de bosque en una ilustración antigua.,Pixabay
img_0729.png,princesas_y_castillos,Grupo de mujeres reunidas en un bosque en una ilustración clásica.,Pixabay
img_0730.png,princesas_y_castillos,Retrato fotográfico antiguo de una reina con tocado elegante.,Pixabay
img_0731.png,princesas_y_castillos,Retratos de miembros de una familia real.,Pixabay
img_0732.png,princesas_y_castillos,Banquete real en una ilustración antigua.,Pixabay
img_0733.png,princesas_y_castillos,Escena de corte real en una ilustración clásica.,Pixabay
img_0734.png,princesas_y_castillos,Fotografía antigua de una familia real.,Pixabay
img_0735.png,princesas_y_castillos,Fotografía antigua de una familia real.,Pixabay
img_0736.png,princesas_y_castillos,Multitud en una ilustración periodística antigua.,Pixabay
img_0737.png,princesas_y_castillos,Carruaje antiguo tirado por caballos.,Pixabay
img_0738.png,princesas_y_castillos,Portada de revista antigua con una escena de fantasía.,Pixabay
img_0739.png,princesas_y_castillos,Cartel teatral de una familia real.,Pixabay
img_0740.png,princesas_y_castillos,Jinete montando un caballo en una ilustración clásica.,Pixabay
img_0741.png,princesas_y_castillos,Escena de una corte real en una ilustración antigua.,Pixabay
img_0742.png,princesas_y_castillos,Portada de revista teatral con una familia peculiar.,Pixabay
img_0743.png,princesas_y_castillos,Portada de revista teatral con una familia peculiar.,Pixabay
img_0744.png,princesas_y_castillos,Portada de revista teatral con una familia peculiar.,Pixabay
img_0745.png,princesas_y_castillos,Rey y reina sentados en un trono junto a una princesa.,Pixabay
img_0746.png,princesas_y_castillos,Portada ilustrada de un cuento sobre un castillo y una hija.,Pixabay
img_0747.png,princesas_y_castillos,Portada ilustrada de un cuento sobre un castillo y una hija.,Pixabay
img_0748.png,princesas_y_castillos,Príncipe y princesa caminando juntos en un jardín.,Pixabay
img_0749.png,princesas_y_castillos,Reina observando a un caballero frente a un castillo.,Pixabay
img_0750.png,princesas_y_castillos,Corte real reunida frente a un castillo.,Pixabay
img_0751.png,princesas_y_castillos,Caballero junto a una torre en una ilustración clásica.,Pixabay
img_0752.png,princesas_y_castillos,Novios en un jardín decorado con flores.,Pixabay
img_0753.png,princesas_y_castillos,Caballero enfrentando una visión fantasmal en una ilustración clásica.,Pixabay
img_0754.png,princesas_y_castillos,Hombre junto a una puerta en una ilustración oscura.,Pixabay
img_0755.png,princesas_y_castillos,Joven caminando por un bosque en una ilustración clásica.,Pixabay
img_0756.png,princesas_y_castillos,Castillo antiguo con torres y puente de entrada.,Pixabay
img_0757.png,princesas_y_castillos,Castillo de piedra rodeado de jardines y árboles.,Pixabay
img_0758.png,princesas_y_castillos,Patio interior de un castillo antiguo.,Pixabay
img_0759.png,princesas_y_castillos,Castillo de fantasía construido entre montañas rocosas.,Pixabay
img_0760.png,princesas_y_castillos,Adorno decorativo antiguo con motivos florales.,Pixabay
img_0761.png,princesas_y_castillos,Caballero luchando contra un dragón en una ilustración clásica.,Pixabay
img_0762.png,princesas_y_castillos,Caballero enfrentando a un dragón en un bosque.,Pixabay
img_0763.png,princesas_y_castillos,Castillo antiguo junto a un río en una ilustración clásica.,Pixabay
img_0764.png,princesas_y_castillos,Caballero observando por una pequeña ventana en una puerta.,Pixabay
img_0765.png,princesas_y_castillos,Persona sosteniendo una sombrilla junto a una figura roja.,Pixabay
img_0766.png,princesas_y_castillos,Portada decorativa con mariposas de colores.,Pixabay
img_0767.png,princesas_y_castillos,Página de libro titulada La princesa nadie.,Pixabay
img_0768.png,princesas_y_castillos,Adorno floral en una página de libro antiguo.,Pixabay
img_0769.png,princesas_y_castillos,Pequeña ilustración de una escena de cuento clásico.,Pixabay
img_0770.png,princesas_y_castillos,Hadas reunidas alrededor de un hongo gigante en una ilustración clásica.,Pixabay
img_0771.png,princesas_y_castillos,Hadas reunidas alrededor de hongos gigantes en una ilustración clásica.,Pixabay
img_0772.png,princesas_y_castillos,Bosque encantado con criaturas mágicas en una ilustración clásica.,Pixabay
img_0773.png,princesas_y_castillos,Rama con hojas y mariposas en una ilustración botánica.,Pixabay
img_0774.png,princesas_y_castillos,Portada del libro La princesa nadie.,Pixabay
img_0775.png,princesas_y_castillos,Hada montada sobre una gran polilla en una ilustración clásica.,Pixabay
img_0776.png,princesas_y_castillos,Página de poema en un libro antiguo.,Pixabay
img_0777.png,princesas_y_castillos,Niños escondidos entre la hierba en una ilustración clásica.,Pixabay
img_0778.png,princesas_y_castillos,Página inicial del cuento La princesa nadie.,Pixabay
img_0779.png,princesas_y_castillos,Princesa caminando entre figuras fantasmales en una ilustración fantástica.,Pixabay
img_0780.png,princesas_y_castillos,Ruinas de un castillo entre montañas.,Pixabay
img_0781.png,princesas_y_castillos,Ciudad amurallada en una ilustración clásica.,Pixabay
img_0782.png,princesas_y_castillos,Torre de castillo antigua junto a una casa.,Pixabay
img_0783.png,princesas_y_castillos,Torre antigua en una ilustración clásica.,Pixabay
img_0784.png,princesas_y_castillos,Castillo con torres redondas en una ilustración clásica.,Pixabay
img_0785.png,princesas_y_castillos,Torre fortificada en una ilustración en blanco y negro.,Pixabay
img_0786.png,princesas_y_castillos,Fotografía antigua de un castillo con una torre redonda.,Pixabay
img_0787.png,princesas_y_castillos,Torre de castillo cubierta de enredaderas en una ilustración clásica.,Pixabay
img_0788.png,princesas_y_castillos,Vista panorámica del Castillo de Windsor.,Pixabay
img_0789.png,princesas_y_castillos,Escena de cuento oriental en una ilustración en blanco y negro.,Pixabay
img_0790.png,princesas_y_castillos,Mapa ilustrado de un reino de fantasía.,Pixabay
img_0791.png,princesas_y_castillos,Niños escuchando un cuento en un salón de clases.,Pixabay
img_0792.png,princesas_y_castillos,Rey con túnica roja conversando con una dama.,Pixabay
img_0793.png,princesas_y_castillos,Hada de cabello castaño con vestido azul brillante.,Pixabay
img_0794.png,princesas_y_castillos,Escenas de la vida en un castillo en una ilustración antigua.,Pixabay
img_0795.png,princesas_y_castillos,Diagrama circular medieval con símbolos y texto.,Pixabay
img_0796.png,princesas_y_castillos,Niños observando a un lobo en una ilustración clásica.,Pixabay
img_0797.png,princesas_y_castillos,Lobo asomado junto a una casa en una ilustración clásica.,Pixabay
img_0798.png,princesas_y_castillos,Caperucita Roja caminando por el bosque.,Pixabay
img_0799.png,princesas_y_castillos,Caperucita Roja caminando por el bosque en una tarjeta ilustrada.,Pixabay
img_0800.png,princesas_y_castillos,Niña junto a un ciervo en un bosque encantado.,Pixabay
img_0801.png,princesas_y_castillos,Caperucita Roja caminando por el bosque junto a un lobo.,Pixabay
img_0802.png,princesas_y_castillos,Caperucita Roja cruzando un arroyo en el bosque.,Pixabay
img_0803.png,princesas_y_castillos,Caperucita Roja caminando por un sendero junto a un lobo.,Pixabay
img_0804.png,princesas_y_castillos,Caperucita Roja frente al lobo en el bosque.,Pixabay
img_0805.png,princesas_y_castillos,Caperucita Roja observando a un lobo en el bosque.,Pixabay
img_0806.png,princesas_y_castillos,Príncipe y princesa caminando por el bosque.,Pixabay
img_0807.png,princesas_y_castillos,Escena de cuento clásico dentro de una casa.,Pixabay
img_0808.png,princesas_y_castillos,Caperucita Roja rodeada de niños en una ilustración antigua.,Pixabay
img_0809.png,princesas_y_castillos,Perro pug con corona plateada.,Pixabay
img_0810.png,princesas_y_castillos,Princesa montando un unicornio blanco sobre el agua.,Pixabay
img_0811.png,princesas_y_castillos,Carruaje real morado y dorado.,Pixabay
img_0812.png,princesas_y_castillos,Camino hacia un castillo bajo un arcoíris.,Pixabay
img_0813.png,princesas_y_castillos,Princesa rubia con vestido azul brillante.,Pixabay
img_0814.png,princesas_y_castillos,Castillo rosado en un valle entre montañas.,Pixabay
img_0815.png,princesas_y_castillos,Castillo morado protegido por caballeros frente a un dragón.,Pixabay
img_0816.png,princesas_y_castillos,Castillo flotando sobre una nube con una planta trepadora.,Pixabay
img_0817.png,princesas_y_castillos,Castillo blanco sobre una colina junto a montañas.,Pixabay
img_0818.png,princesas_y_castillos,"Príncipe, princesa y dragón verde frente a un castillo.",Pixabay
img_0819.png,princesas_y_castillos,Rey con corona y cetro saludando.,Pixabay
img_0820.png,princesas_y_castillos,Castillo rosado sobre una colina verde.,Pixabay
img_0821.png,princesas_y_castillos,Dragón rojo volando sobre un castillo mientras un caballero cabalga.,Pixabay
img_0822.png,princesas_y_castillos,Caballero y princesa frente a un castillo junto a un dragón.,Pixabay
img_0823.png,princesas_y_castillos,Castillo emergiendo de un libro abierto.,Pixabay
img_0824.png,princesas_y_castillos,Princesa niña con corona y vestido rojo.,Pixabay
img_0825.png,princesas_y_castillos,Castillo fortificado sobre una montaña.,Pixabay
img_0826.png,princesas_y_castillos,Reina con vestido rojo y corona.,Pixabay
img_0827.png,princesas_y_castillos,Elfa de cabello lila con orejas puntiagudas.,Pixabay
img_0828.png,princesas_y_castillos,Mujer rodeada de gatos junto a una mesa iluminada.,Pixabay
img_0829.png,princesas_y_castillos,Princesa niña con corona dorada.,Pixabay
img_0830.png,princesas_y_castillos,Hada con vestido azul y alas doradas.,Pixabay
img_0831.png,princesas_y_castillos,Hada reina sentada en un trono.,Pixabay
img_0832.png,princesas_y_castillos,Reina hada con vestido dorado sentada en un trono.,Pixabay
img_0833.png,princesas_y_castillos,Hada reina sentada en un trono rodeada de luz.,Pixabay
img_0834.png,princesas_y_castillos,Hada de alas transparentes sentada en un bosque.,Pixabay
img_0835.png,princesas_y_castillos,Hada de alas verdes frente a una ruina de piedra.,Pixabay
img_0836.png,princesas_y_castillos,Joven caballero frente a un castillo.,Pixabay
img_0837.png,princesas_y_castillos,Pequeña hada de orejas grandes en un bosque mágico.,Pixabay
img_0838.png,princesas_y_castillos,Reina con vestido rojo y corona.,Pixabay
img_0839.png,princesas_y_castillos,Reina hechicera con vestido azul brillante.,Pixabay
img_0840.png,princesas_y_castillos,Dragón azul frente a un castillo.,Pixabay
img_0841.png,princesas_y_castillos,Castillo iluminado sobre fondo negro.,Pixabay
img_0842.png,princesas_y_castillos,Personaje con maquillaje de calavera y traje colorido.,Pixabay
img_0843.png,princesas_y_castillos,Princesa entregando una flor a un caballero.,Pixabay
img_0844.png,princesas_y_castillos,Princesa montando un caballo frente a un castillo.,Pixabay
img_0845.png,princesas_y_castillos,Joven corriendo mientras sostiene un corazón rojo.,Pixabay
img_0846.png,princesas_y_castillos,Castillo brillante entre dunas doradas.,Pixabay
img_0847.png,princesas_y_castillos,Cenicienta con vestido azul en un jardín.,Pixabay
img_0848.png,princesas_y_castillos,Castillo blanco rodeado de árboles.,Pixabay
img_0849.png,princesas_y_castillos,Niña sentada leyendo un libro entre plantas.,Pixabay
img_0850.png,princesas_y_castillos,Tres niñas con abrigos de invierno caminando juntas.,Pixabay
img_0851.png,princesas_y_castillos,Castillo flotante entre las nubes.,Pixabay
img_0852.png,princesas_y_castillos,Persona observando un castillo al final de un río.,Pixabay
img_0853.png,princesas_y_castillos,Casa encantada sobre una pequeña isla.,Pixabay
img_0854.png,princesas_y_castillos,Niña caminando con un perro por un campo.,Pixabay
img_0855.png,princesas_y_castillos,Princesa pelirroja con vestido verde.,Pixabay
img_0856.png,princesas_y_castillos,Princesa pelirroja con vestido verde y amarillo.,Pixabay
img_0857.png,princesas_y_castillos,Princesa con vestido morado y corona.,Pixabay
img_0858.png,princesas_y_castillos,Joven con flores de cerezo en el cabello.,Pixabay
img_0859.png,princesas_y_castillos,Princesa de cabello lila con vestido morado.,Pixabay
img_0860.png,princesas_y_castillos,Princesa de cabello lila con vestido morado sobre fondo negro.,Pixabay
img_0861.png,princesas_y_castillos,Rey y reina con coronas sobre una alfombra roja.,Pixabay
img_0862.png,princesas_y_castillos,Castillo morado junto a montañas.,Pixabay
img_0863.png,princesas_y_castillos,Sirena descansando dentro de una pecera.,Pixabay
img_0864.png,princesas_y_castillos,Castillo fantástico rodeado por un dragón bajo la luna.,Pixabay
img_0865.png,princesas_y_castillos,Princesa de cabello rosa con corona.,Pixabay
img_0866.png,princesas_y_castillos,Cofre del tesoro lleno de monedas de oro.,Pixabay
img_0867.png,princesas_y_castillos,Princesa niña sosteniendo un corazón rojo.,Pixabay
img_0868.png,princesas_y_castillos,Castillo amarillo al final de un camino.,Pixabay
img_0869.png,princesas_y_castillos,Castillo amarillo flotando sobre una nube.,Pixabay
img_0870.png,princesas_y_castillos,Casa con forma de hongo en un bosque mágico.,Pixabay
img_0871.png,princesas_y_castillos,Castillo oscuro iluminado por la luna llena.,Pixabay
img_0872.png,princesas_y_castillos,"Castillo sobre un vaso con la palabra ""School"".",Pixabay
img_0873.png,princesas_y_castillos,Niña sentada en el césped junto a un perro blanco.,Pixabay
img_0874.png,princesas_y_castillos,Muñeca princesa con vestido rosa en un palacio de hielo.,Pixabay
img_0875.png,princesas_y_castillos,Princesa rodeada de girasoles en un jardín encantado.,Pixabay
img_0876.png,princesas_y_castillos,Gato gris con corona y collar rosa.,Pixabay
img_0877.png,princesas_y_castillos,Perro salchicha con corona real y capa.,Pixabay
img_0878.png,princesas_y_castillos,Rana rey con corona y capa blanca.,Pixabay
img_0879.png,princesas_y_castillos,Mosquetero con sombrero azul y capa roja.,Pixabay
img_0880.png,princesas_y_castillos,Perro blanco con lazo rosa y tiara.,Pixabay
img_0881.png,princesas_y_castillos,Bufón con corona y traje morado.,Pixabay
img_0882.png,princesas_y_castillos,Cofre del tesoro lleno de monedas de oro.,Pixabay
img_0883.png,princesas_y_castillos,Reina nombrando caballero a un joven arrodillado.,Pixabay
img_0884.png,princesas_y_castillos,Príncipe niño con corona y capa roja.,Pixabay
img_0885.png,princesas_y_castillos,Castillo azul con torres rosadas.,Pixabay
img_0886.png,princesas_y_castillos,Unicornio alado blanco con melena rosa.,Pixabay
img_0887.png,princesas_y_castillos,Princesa rubia con vestido azul y corona.,Pixabay
img_0888.png,princesas_y_castillos,Princesa rubia con vestido rosa.,Pixabay
img_0889.png,princesas_y_castillos,Pequeño dragón azul sonriente.,Pixabay
img_0890.png,princesas_y_castillos,Faraón y reina egipcia junto a papiros.,Pixabay
img_0891.png,princesas_y_castillos,Rey con corona y barba.,Pixabay
img_0892.png,princesas_y_castillos,Búhos posados en ramas de un bosque.,Pixabay
img_0893.png,princesas_y_castillos,Princesa y niña tomadas de la mano en un campo.,Pixabay
img_0894.png,princesas_y_castillos,Princesa asomada a una ventana de piedra.,Pixabay
img_0895.png,princesas_y_castillos,Reina de cabello verde sentada en un trono dorado.,Pixabay
img_0896.png,princesas_y_castillos,Princesa de cabello rosa con vestido rosa.,Pixabay
img_0897.png,princesas_y_castillos,Hada con alas blancas y vestido rojo.,Pixabay
img_0898.png,princesas_y_castillos,Princesa niña con vestido morado sonriendo.,Pixabay
img_0899.png,princesas_y_castillos,Rey con túnica blanca y capa roja.,Pixabay
img_0900.png,princesas_y_castillos,Mago anciano preparando una poción mágica.,Pixabay
img_0901.png,princesas_y_castillos,Reina con vestido amarillo y corona.,Pixabay
img_0902.png,princesas_y_castillos,Rey medieval con corona y espada.,Pixabay
img_0903.png,princesas_y_castillos,Tiara rosa con corazones.,Pixabay
img_0904.png,princesas_y_castillos,Casa mágica cubierta de flores y hongos.,Pixabay
img_0905.png,princesas_y_castillos,Corona dorada con gemas azules.,Pixabay
img_0906.png,princesas_y_castillos,Corona real dorada con perlas.,Pixabay
img_0907.png,princesas_y_castillos,Princesa junto a un dragón verde.,Pixabay
img_0908.png,princesas_y_castillos,Rana con corona dorada.,Pixabay
img_0909.png,princesas_y_castillos,Niños caminando con mochilas escolares.,Pixabay
img_0910.png,princesas_y_castillos,Rey con corona sosteniendo una espada.,Pixabay
img_0911.png,princesas_y_castillos,Princesa rubia con vestido rosa y corona.,Pixabay
img_0912.png,princesas_y_castillos,Reina con corona y cetro dorado.,Pixabay
img_0913.png,princesas_y_castillos,Torre fortificada de piedra con bandera roja.,Pixabay
img_0914.png,princesas_y_castillos,Pingüino hada con alas rosadas y varita mágica.,Pixabay
img_0915.png,princesas_y_castillos,Princesa rubia con vestido morado.,Pixabay
img_0916.png,princesas_y_castillos,Castillo morado en una ilustración digital.,Pixabay
img_0917.png,princesas_y_castillos,Castillo amurallado en vista isométrica.,Pixabay
img_0918.png,princesas_y_castillos,Muralla de castillo de piedra.,Pixabay
img_0919.png,princesas_y_castillos,Castillo embrujado con torres moradas.,Pixabay
img_0920.png,princesas_y_castillos,Torre de piedra en ruinas.,Pixabay
img_0921.png,princesas_y_castillos,Torre mágica con cristales morados.,Pixabay
img_0922.png,princesas_y_castillos,Torre circular de piedra con ventanas iluminadas.,Pixabay
img_0923.png,princesas_y_castillos,Carruaje real morado y rosa.,Pixabay
img_0924.png,princesas_y_castillos,Princesa rubia con vestido azul claro.,Pixabay
img_0925.png,princesas_y_castillos,Princesa pelirroja con tiara plateada,Pixabay
img_0926.png,princesas_y_castillos,Hada entregando una corona a un príncipe en un bosque.,Pixabay
img_0927.png,princesas_y_castillos,Príncipe montando un caballo junto a una princesa y un ciervo.,Pixabay
img_0928.png,princesas_y_castillos,Princesa junto a un ciervo en un bosque encantado.,Pixabay
img_0929.png,princesas_y_castillos,Hada de cabello azul caminando sobre un lago mágico.,Pixabay
img_0930.png,princesas_y_castillos,Bufón sosteniendo una cabeza de marioneta.,Pixabay
img_0931.png,princesas_y_castillos,Unicornio blanco tocando una trompeta.,Pixabay
img_0932.png,princesas_y_castillos,Perro rey con corona y capa morada.,Pixabay
img_0933.png,princesas_y_castillos,Princesa con vestido rosa tradicional.,Pixabay
img_0934.png,princesas_y_castillos,Jardín con árboles y casita para pájaros.,Pixabay
img_0935.png,princesas_y_castillos,Rey inclinándose ante un obispo.,Pixabay
img_0936.png,princesas_y_castillos,Caballero montando un dragón verde.,Pixabay
img_0937.png,princesas_y_castillos,Hada bailando con una varita mágica.,Pixabay
img_0938.png,princesas_y_castillos,Caballero luchando contra un dragón en un escenario.,Pixabay
img_0939.png,princesas_y_castillos,Tres reyes con vestimentas reales.,Pixabay
img_0940.png,princesas_y_castillos,Payaso con sombrero rojo y maquillaje colorido.,Pixabay
img_0941.png,princesas_y_castillos,Ratón blanco con corona y vestimenta real.,Pixabay
img_0942.png,princesas_y_castillos,Princesa morena volando sobre una alfombra mágica.,Pixabay
img_0943.png,princesas_y_castillos,Princesa sentada sobre una carta de reina.,Pixabay
img_0944.png,princesas_y_castillos,Princesa de cabello rosa sentada sobre una nube bajo un arcoíris.,Pixabay
img_0945.png,princesas_y_castillos,Hada reina con cetro y vestido turquesa.,Pixabay
img_0946.png,princesas_y_castillos,Princesa con vestido azul y corona dorada.,Pixabay
img_0947.png,princesas_y_castillos,Reina con vestido blanco y detalles dorados.,Pixabay
img_0948.png,princesas_y_castillos,Castillo amarillo con torres rojas.,Pixabay
img_0949.png,princesas_y_castillos,Sultán con turbante naranja.,Pixabay
img_0950.png,princesas_y_castillos,Castillo de piedra con puente de entrada.,Pixabay
img_0951.png,princesas_y_castillos,Princesa pelirroja con alas junto a conejos.,Pixabay
img_0952.png,princesas_y_castillos,Mujer con corona y gafas de sol en la playa.,Pixabay
img_0953.png,princesas_y_castillos,Casa de campo rodeada de montañas y flores.,Pixabay
img_0954.png,princesas_y_castillos,Príncipe niño con corona y capa azul.,Pixabay
img_0955.png,princesas_y_castillos,Rey anciano con túnica roja y espada.,Pixabay
img_0956.png,princesas_y_castillos,Princesa con vestido blanco y corona dorada.,Pixabay
img_0957.png,princesas_y_castillos,Dragón azul frente a un castillo oscuro.,Pixabay
img_0958.png,princesas_y_castillos,Cocodrilo morado con chaleco amarillo.,Pixabay
img_0959.png,princesas_y_castillos,Príncipe con corona y uniforme azul.,Pixabay
img_0960.png,princesas_y_castillos,Princesa con vestido rosa sosteniendo un abanico.,Pixabay
img_0961.png,princesas_y_castillos,Reina anciana con corona y vestido rojo.,Pixabay
img_0962.png,princesas_y_castillos,Princesa rubia con vestido azul claro.,Pixabay
img_0963.png,princesas_y_castillos,Hada rubia con alas transparentes.,Pixabay
img_0964.png,princesas_y_castillos,Castillo mágico flotando entre cascadas y montañas.,Pixabay
img_0965.png,princesas_y_castillos,Princesa de cabello rizado en un retrato artístico.,Pixabay
img_0966.png,princesas_y_castillos,Elfa de cabello rubio con orejas puntiagudas.,Pixabay
img_0967.png,princesas_y_castillos,Corona dorada sencilla.,Pixabay
img_0968.png,princesas_y_castillos,Corona plateada con puntas redondeadas.,Pixabay
img_0969.png,princesas_y_castillos,Sirena de cabello rosado con cola verde.,Pixabay
img_0970.png,princesas_y_castillos,Rey caricatura con corona y capa roja.,Pixabay
img_0971.png,princesas_y_castillos,Castillo flotante entre nubes y globos aerostáticos.,Pixabay
img_0972.png,princesas_y_castillos,Castillo rodeado de globos aerostáticos de colores.,Pixabay
img_0973.png,princesas_y_castillos,Castillo iluminado en un bosque encantado.,Pixabay
img_0974.png,princesas_y_castillos,Castillo iluminado en un bosque encantado.,Pixabay
img_0975.png,princesas_y_castillos,Cisne blanco sobre un lago bajo ramas colgantes.,Pixabay
img_0976.png,princesas_y_castillos,Rey sentado en un trono rodeado de personas celebrando.,Pixabay
img_0977.png,princesas_y_castillos,Príncipe niño con corona y capa roja.,Pixabay
img_0978.png,princesas_y_castillos,Ciudad fortificada construida sobre una montaña.,Pixabay
img_0979.png,princesas_y_castillos,Catedral antigua en una ilustración acuarelada.,Pixabay
img_0980.png,princesas_y_castillos,Palacio clásico en una ilustración acuarelada.,Pixabay
img_0981.png,princesas_y_castillos,Princesa con vestido azul en un salón de piedra.,Pixabay
img_0982.png,princesas_y_castillos,Rey y reina con coronas.,Pixabay
img_0983.png,princesas_y_castillos,Reina sentada en un trono con vestido amarillo.,Pixabay
img_0984.png,princesas_y_castillos,Rey y reina sonriendo juntos.,Pixabay
img_0985.png,princesas_y_castillos,Castillo gris con torres rojas.,Pixabay
